img,frame_global,x1,y1,x2,y2,score,cls,space_label
IM_00452.JPG,24,1280.3121337890625,397.98095703125,1352.6981201171875,524.7501831054688,0.3114679753780365,1,bike_lane
IM_00557.JPG,27,926.7840576171875,450.88330078125,1085.1162109375,714.3800048828125,0.7723050117492676,1,bike_lane
IM_00699.JPG,33,1015.6680908203125,474.19140625,1135.47119140625,677.474365234375,0.4381493330001831,1,bike_lane
IM_00833.JPG,38,937.6646118164062,532.174560546875,1119.626708984375,821.805419921875,0.7327927947044373,1,bike_lane
IM_00834.JPG,39,1322.34814453125,386.334716796875,1376.8575439453125,523.6610717773438,0.4622117877006531,1,bike_lane
IM_00834.JPG,39,1325.196533203125,427.216552734375,1376.1683349609375,525.0369873046875,0.37335914373397827,1,bike_lane
IM_01051.JPG,43,1338.502197265625,398.59832763671875,1404.66357421875,486.56805419921875,0.40733546018600464,1,bike_lane
IM_01103.JPG,49,1184.0072021484375,419.07470703125,1273.220947265625,600.673583984375,0.6409692764282227,1,bike_lane
IM_01233.JPG,55,940.4915771484375,485.4498596191406,1121.6055908203125,772.64306640625,0.9090226292610168,1,bike_lane
IM_01234.JPG,56,1288.3360595703125,398.9151306152344,1354.71142578125,519.1934814453125,0.6136463284492493,1,bike_lane
IM_01337.JPG,62,967.3956298828125,505.0373840332031,1138.329345703125,793.3748779296875,0.5143033862113953,1,bike_lane
IM_01579.JPG,80,824.3391723632812,431.12237548828125,1014.1473999023438,708.7939453125,0.7868065237998962,1,bike_lane
IM_01579.JPG,80,1081.882568359375,451.449462890625,1240.01416015625,750.2178955078125,0.7243523001670837,1,bike_lane
IM_01623.JPG,86,1206.49658203125,426.6781005859375,1306.09716796875,621.9998779296875,0.41209641098976135,1,bike_lane
IM_01701.JPG,88,1249.73193359375,408.0909118652344,1310.410888671875,555.9336547851562,0.6378229856491089,1,bike_lane
IM_01745.JPG,92,1262.7330322265625,402.0760498046875,1304.400146484375,499.65777587890625,0.3034686744213104,1,bike_lane
IM_01803.JPG,97,936.8431396484375,503.74237060546875,1112.92919921875,753.3905639648438,0.8064645528793335,1,bike_lane
IM_01804.JPG,98,1280.6627197265625,421.5086669921875,1332.864990234375,526.8370361328125,0.5527915358543396,1,bike_lane
IM_01804.JPG,98,1273.3828125,393.65972900390625,1343.079833984375,525.5020751953125,0.2616119384765625,1,bike_lane
IM_02329.JPG,112,938.6288452148438,460.3707275390625,1111.7685546875,728.7755126953125,0.7275043725967407,1,bike_lane
IM_02330.JPG,113,1293.082275390625,393.5665283203125,1359.13671875,497.1240234375,0.39440345764160156,1,bike_lane
IM_02330.JPG,113,1296.190673828125,403.69537353515625,1346.3944091796875,497.68304443359375,0.2544557750225067,1,bike_lane
IM_02345.JPG,114,1189.6973876953125,438.7127380371094,1279.283203125,602.0557861328125,0.7510102987289429,1,bike_lane
IM_02345.JPG,114,1192.942138671875,473.46783447265625,1269.990966796875,602.5020751953125,0.2868141233921051,1,bike_lane
IM_02346.JPG,115,1363.927978515625,383.1499328613281,1413.41259765625,469.5623474121094,0.3225599527359009,1,bike_lane
IM_02353.JPG,116,974.6546630859375,474.4859619140625,1128.8690185546875,725.921630859375,0.812387228012085,1,bike_lane
IM_02354.JPG,117,1313.35302734375,413.87200927734375,1362.18994140625,514.7227783203125,0.6352838277816772,1,bike_lane
IM_02354.JPG,117,1305.923828125,408.54681396484375,1383.156982421875,516.2456665039062,0.2720170021057129,1,bike_lane
IM_02363.JPG,118,1045.3701171875,470.3899841308594,1165.768310546875,671.7731323242188,0.6227815747261047,1,bike_lane
IM_02367.JPG,120,1073.8675537109375,454.53094482421875,1190.835693359375,665.281494140625,0.6856287121772766,1,bike_lane
IM_02423.JPG,128,1105.431396484375,512.83935546875,1209.143798828125,718.568603515625,0.38930344581604004,1,bike_lane
IM_02507.JPG,142,1044.13134765625,442.5852355957031,1169.8922119140625,677.729248046875,0.6461707353591919,1,bike_lane
IM_02533.JPG,149,1082.5235595703125,484.5552062988281,1188.2296142578125,695.9240112304688,0.3911006450653076,1,bike_lane
IM_02534.JPG,150,1334.1878662109375,358.5428466796875,1393.2384033203125,470.7388916015625,0.30480581521987915,1,bike_lane
IM_02563.JPG,154,1043.578857421875,329.783203125,1235.630126953125,715.3599243164062,0.37079504132270813,1,bike_lane
IM_02569.JPG,156,1082.1263427734375,444.1996765136719,1201.6416015625,613.8294677734375,0.5188735723495483,1,bike_lane
IM_02569.JPG,156,1100.5008544921875,452.4227600097656,1184.6861572265625,607.6595458984375,0.3835158944129944,1,bike_lane
IM_02569.JPG,156,1066.11328125,425.94952392578125,1216.5450439453125,621.4479370117188,0.37248334288597107,1,bike_lane
IM_02589.JPG,160,862.0462646484375,464.7627868652344,1009.8880004882812,663.0755615234375,0.5047541856765747,1,bike_lane
IM_02589.JPG,160,1092.72607421875,469.3596496582031,1213.71630859375,692.0989990234375,0.4602377414703369,1,bike_lane
IM_02607.JPG,162,718.149658203125,520.313232421875,962.1652221679688,814.5557861328125,0.6712538003921509,1,bike_lane
IM_02608.JPG,163,1229.7213134765625,425.6146545410156,1281.7379150390625,541.4686279296875,0.46407610177993774,1,bike_lane
IM_02716.JPG,173,1078.8651123046875,443.2083435058594,1196.0841064453125,647.6988525390625,0.4376240074634552,1,bike_lane
IM_02716.JPG,173,1086.166748046875,452.8492126464844,1177.45458984375,630.86767578125,0.3503247797489166,1,bike_lane
IM_02727.JPG,174,1094.1181640625,464.5622863769531,1225.08544921875,683.0355224609375,0.5069926381111145,1,bike_lane
IM_02727.JPG,174,1130.432373046875,487.5670166015625,1221.196044921875,680.5081787109375,0.42285650968551636,1,bike_lane
IM_02745.JPG,178,943.6477661132812,475.6229553222656,1128.46923828125,699.569580078125,0.5974936485290527,1,bike_lane
IM_02746.JPG,179,1290.5712890625,375.3196105957031,1351.554931640625,494.9132995605469,0.5223358869552612,1,bike_lane
IM_02760.JPG,182,1251.8326416015625,434.43927001953125,1326.687255859375,534.1298828125,0.5666982531547546,1,bike_lane
IM_02760.JPG,182,1270.624755859375,432.75360107421875,1328.72705078125,530.8031005859375,0.30619004368782043,1,bike_lane
IM_02800.JPG,187,1298.8074951171875,386.8817138671875,1362.1656494140625,515.8225708007812,0.28601810336112976,1,bike_lane
IM_02803.JPG,190,526.9364013671875,565.98291015625,875.6856689453125,993.3693237304688,0.6628751158714294,1,bike_lane
IM_02831.JPG,194,1128.7138671875,464.1664123535156,1241.167724609375,669.803955078125,0.5240980982780457,1,bike_lane
IM_02851.JPG,200,1136.139892578125,436.7135925292969,1239.362060546875,611.7005615234375,0.4211317002773285,1,bike_lane
IM_02851.JPG,200,1159.0516357421875,432.2318115234375,1243.482666015625,591.1373291015625,0.3287619352340698,1,bike_lane
IM_02851.JPG,200,1165.312255859375,432.6094665527344,1244.6187744140625,586.827880859375,0.2893299162387848,1,bike_lane
IM_02851.JPG,200,1133.743896484375,449.20220947265625,1216.15673828125,613.3566284179688,0.2570841908454895,1,bike_lane
IM_02871.JPG,204,1150.2991943359375,414.5962829589844,1223.785888671875,575.49560546875,0.34060877561569214,1,bike_lane
IM_02873.JPG,206,994.8162231445312,473.6390075683594,1154.4759521484375,734.4947509765625,0.5234569907188416,1,bike_lane
IM_02933.JPG,212,1142.004638671875,442.3255615234375,1220.138427734375,632.5670166015625,0.5679408311843872,1,bike_lane
IM_02969.JPG,216,1187.632080078125,397.44146728515625,1261.115234375,563.336181640625,0.6145365238189697,1,bike_lane
IM_03067.JPG,220,831.6181640625,487.99127197265625,1089.732421875,867.9640502929688,0.7729331851005554,1,bike_lane
IM_03075.JPG,222,1154.022216796875,429.14703369140625,1225.716064453125,555.7369995117188,0.7442984580993652,1,bike_lane
IM_03089.JPG,224,1155.6929931640625,461.55743408203125,1216.3690185546875,564.5820922851562,0.25979098677635193,1,bike_lane
IM_03089.JPG,224,1149.978271484375,462.8072204589844,1219.3646240234375,603.4539184570312,0.2595938742160797,1,bike_lane
IM_03093.JPG,226,1189.0748291015625,361.30322265625,1236.366943359375,445.25286865234375,0.36291760206222534,1,roadway
IM_03121.JPG,230,1186.6234130859375,429.03533935546875,1252.509521484375,572.9910278320312,0.6291866898536682,1,bike_lane
IM_03133.JPG,236,1121.7763671875,458.4580078125,1210.115234375,640.6907958984375,0.46296003460884094,1,bike_lane
IM_03133.JPG,236,1121.28125,471.1991271972656,1188.7357177734375,643.2713012695312,0.28343918919563293,1,bike_lane
IM_03157.JPG,240,1030.1241455078125,491.0303649902344,1149.6553955078125,700.919189453125,0.572344183921814,1,bike_lane
IM_03195.JPG,244,1018.93994140625,493.90411376953125,1195.6895751953125,765.0133666992188,0.33399561047554016,1,bike_lane
IM_03207.JPG,246,1002.223876953125,509.0248718261719,1158.9820556640625,811.628662109375,0.5976315140724182,1,bike_lane
IM_03231.JPG,250,526.4009399414062,426.44512939453125,715.2802734375,641.4561767578125,0.8227269649505615,1,roadway
IM_03231.JPG,250,933.3803100585938,431.49755859375,1107.3466796875,657.5584716796875,0.7062209248542786,1,bike_lane
IM_03231.JPG,250,1027.251220703125,428.09490966796875,1110.8077392578125,629.8419799804688,0.25530940294265747,1,bike_lane
IM_03271.JPG,252,957.6029052734375,459.51287841796875,1143.3150634765625,722.0601196289062,0.44995972514152527,1,bike_lane
IM_03271.JPG,252,957.5784301757812,467.0061950683594,1088.707275390625,722.11279296875,0.30129480361938477,1,bike_lane
IM_03291.JPG,254,858.7655639648438,473.9974365234375,1083.1162109375,837.2791748046875,0.779414176940918,1,bike_lane
IM_03309.JPG,256,890.0982055664062,421.4973449707031,1064.5491943359375,745.8711547851562,0.3689519464969635,1,bike_lane
IM_03317.JPG,258,967.2379760742188,548.77099609375,1151.3353271484375,819.6666870117188,0.7718183398246765,1,bike_lane
IM_03347.JPG,262,763.3598022460938,470.0379638671875,1008.9166259765625,829.5012817382812,0.8436149954795837,1,bike_lane
IM_03415.JPG,279,926.7510986328125,461.7699279785156,1097.308837890625,704.272705078125,0.730904221534729,1,bike_lane
IM_03492.JPG,294,1267.7490234375,401.47265625,1330.3597412109375,538.6375732421875,0.32393166422843933,1,bike_lane
IM_03551.JPG,301,891.1254272460938,473.95037841796875,1089.69482421875,805.0792236328125,0.8757848739624023,1,bike_lane
IM_03552.JPG,302,1335.268310546875,379.73236083984375,1393.609619140625,501.085693359375,0.3431781530380249,1,bike_lane
IM_03589.JPG,305,848.092529296875,478.6950988769531,1064.3294677734375,777.571533203125,0.8917111158370972,1,bike_lane
IM_03645.JPG,313,758.4161376953125,532.2103271484375,1112.0860595703125,943.49560546875,0.86830735206604,1,bike_lane
IM_03646.JPG,314,1282.281982421875,394.48992919921875,1348.948486328125,566.8604736328125,0.5950631499290466,1,bike_lane
IM_03669.JPG,315,950.8961791992188,454.815673828125,1123.093017578125,737.2901611328125,0.7292850613594055,1,bike_lane
IM_03670.JPG,316,1340.9609375,366.8499755859375,1400.3951416015625,474.5448303222656,0.40117838978767395,1,bike_lane
IM_03679.JPG,317,927.3016357421875,484.93817138671875,1071.8956298828125,750.1342163085938,0.3124251067638397,1,bike_lane
IM_03679.JPG,317,927.3182373046875,465.1139831542969,1107.162109375,748.381103515625,0.30652016401290894,1,bike_lane
IM_03679.JPG,317,929.2399291992188,534.5989379882812,1058.439208984375,752.2366333007812,0.3040445148944855,1,bike_lane
IM_03679.JPG,317,929.8969116210938,524.611572265625,1060.592529296875,749.98193359375,0.29477909207344055,1,bike_lane
IM_03679.JPG,317,927.11376953125,480.37481689453125,1077.9119873046875,748.3995361328125,0.2763409912586212,1,bike_lane
IM_03679.JPG,317,927.985107421875,484.8102722167969,1091.7352294921875,749.75927734375,0.2662273943424225,1,bike_lane
IM_03731.JPG,321,1079.19775390625,466.1905517578125,1190.271728515625,689.37548828125,0.44120198488235474,1,bike_lane
IM_03763.JPG,325,1048.7855224609375,464.93988037109375,1167.8890380859375,709.3397216796875,0.4183387756347656,1,bike_lane
IM_03883.JPG,329,1078.76806640625,466.39361572265625,1237.5955810546875,704.657470703125,0.25151878595352173,1,bike_lane
IM_03937.JPG,333,823.4073486328125,453.532470703125,1046.81787109375,799.135986328125,0.8515347242355347,1,bike_lane
IM_03938.JPG,334,1301.594970703125,359.5815124511719,1352.7117919921875,502.9626159667969,0.4110549986362457,1,bike_lane
IM_03971.JPG,339,1060.177734375,451.3340148925781,1182.3409423828125,665.4371337890625,0.3770938813686371,1,bike_lane
IM_03972.JPG,340,1390.747314453125,352.6011657714844,1433.4716796875,443.7283630371094,0.5115814805030823,1,bike_lane
IM_04002.JPG,343,1184.850830078125,418.97137451171875,1255.81884765625,593.822265625,0.5136615633964539,1,bike_lane
IM_04141.JPG,351,1000.0925903320312,460.239990234375,1170.2545166015625,775.45068359375,0.782305896282196,1,bike_lane
IM_04160.JPG,357,1331.6304931640625,362.25128173828125,1417.198974609375,485.7498779296875,0.38020193576812744,1,bike_lane
IM_04221.JPG,359,948.5311889648438,462.7112731933594,1083.577880859375,693.0104370117188,0.8383421897888184,1,bike_lane
IM_04331.JPG,362,1200.54443359375,431.33441162109375,1269.74365234375,600.952880859375,0.7404587268829346,1,bike_lane
IM_04345.JPG,366,1009.0777587890625,433.5912780761719,1132.46630859375,637.3558349609375,0.6981168389320374,1,bike_lane
IM_04411.JPG,372,1026.1973876953125,456.71722412109375,1184.7550048828125,769.7774658203125,0.7299232482910156,1,bike_lane
IM_04412.JPG,373,1351.5347900390625,368.6844482421875,1402.376708984375,490.7012939453125,0.32744351029396057,1,bike_lane
IM_04429.JPG,379,1170.027099609375,453.6962890625,1278.2874755859375,664.595458984375,0.6719487905502319,1,bike_lane
IM_04435.JPG,382,1092.48876953125,463.83856201171875,1200.77001953125,666.4729614257812,0.4576297700405121,1,bike_lane
IM_04447.JPG,385,1266.5341796875,418.02117919921875,1330.880859375,564.7256469726562,0.6251862645149231,1,bike_lane
IM_04511.JPG,395,1147.6826171875,467.22222900390625,1228.107666015625,656.7127685546875,0.6468032002449036,1,bike_lane
IM_04525.JPG,397,984.6263427734375,459.2337341308594,1143.1405029296875,750.344482421875,0.8059242963790894,1,bike_lane
IM_04525.JPG,397,564.9227294921875,522.3880615234375,890.38134765625,1017.165771484375,0.4052503705024719,1,bike_lane
IM_04526.JPG,398,1294.048095703125,436.0784912109375,1350.763671875,538.248779296875,0.7414038777351379,1,bike_lane
IM_04565.JPG,401,967.8136596679688,479.1958923339844,1136.550537109375,715.2545166015625,0.6880108714103699,1,bike_lane
IM_04599.JPG,405,1081.358642578125,441.44146728515625,1215.6767578125,675.0631713867188,0.3152235746383667,1,bike_lane
IM_04659.JPG,414,946.8429565429688,444.62225341796875,1138.671142578125,727.3860473632812,0.91791170835495,1,bike_lane
IM_04660.JPG,415,1335.8214111328125,371.2369079589844,1382.349609375,473.6106262207031,0.6598421931266785,1,bike_lane
IM_04717.JPG,418,935.0304565429688,545.9247436523438,1109.1741943359375,851.801025390625,0.8786306381225586,1,bike_lane
IM_04727.JPG,420,979.3912353515625,471.0442199707031,1125.960205078125,680.410400390625,0.8933982253074646,1,bike_lane
IM_04751.JPG,426,1229.1221923828125,454.3457336425781,1295.33837890625,634.76708984375,0.2963389456272125,1,bike_lane
IM_04779.JPG,431,1110.7957763671875,439.6427001953125,1251.11474609375,642.1779174804688,0.28565189242362976,1,bike_lane
IM_04783.JPG,433,1097.5137939453125,437.02459716796875,1211.67822265625,650.0110473632812,0.6299606561660767,1,bike_lane
IM_04784.JPG,434,1378.976318359375,322.548583984375,1421.295166015625,445.9519958496094,0.3405057191848755,1,bike_lane
IM_04791.JPG,435,875.2304077148438,467.7144470214844,1045.07958984375,702.3375244140625,0.8069300055503845,1,bike_lane
IM_04813.JPG,437,941.3206787109375,544.3580322265625,1122.22705078125,850.460693359375,0.813410222530365,1,bike_lane
IM_04814.JPG,438,1319.0654296875,409.14239501953125,1374.099609375,534.5067138671875,0.5061196684837341,1,bike_lane
IM_04913.JPG,441,1154.9189453125,410.9901123046875,1226.1263427734375,570.0331420898438,0.5644975304603577,1,bike_lane
IM_04977.JPG,445,1091.94677734375,460.03253173828125,1215.23828125,696.0668334960938,0.7025428414344788,1,bike_lane
IM_04977.JPG,445,1107.546142578125,484.86712646484375,1204.556640625,692.6802978515625,0.5494097471237183,1,bike_lane
IM_05011.JPG,448,1128.1925048828125,457.5633544921875,1248.9940185546875,646.4983520507812,0.4744012653827667,1,bike_lane
IM_05537.JPG,466,1181.5694580078125,430.3391418457031,1264.6243896484375,595.5548095703125,0.7611182928085327,1,bike_lane
IM_05539.JPG,468,1073.857666015625,433.8824157714844,1146.843505859375,598.0394287109375,0.6800950169563293,1,bike_lane
IM_05559.JPG,470,1098.5697021484375,439.8434143066406,1200.5462646484375,627.4542236328125,0.5812884569168091,1,bike_lane
IM_05567.JPG,472,1052.87841796875,469.63226318359375,1176.6873779296875,702.7653198242188,0.8164147734642029,1,bike_lane
IM_05568.JPG,473,1359.1820068359375,368.8909606933594,1405.0565185546875,471.6010437011719,0.5389509797096252,1,bike_lane
IM_05568.JPG,473,1470.917724609375,359.3031921386719,1523.89990234375,460.31689453125,0.3107673227787018,1,bike_lane
IM_05579.JPG,474,975.9699096679688,478.2772216796875,1116.61474609375,704.781494140625,0.6657183766365051,1,bike_lane
IM_05579.JPG,474,977.0084838867188,519.6238403320312,1092.978759765625,704.2694091796875,0.3238109350204468,1,bike_lane
IM_05580.JPG,475,1326.781982421875,382.9261474609375,1375.9990234375,480.704345703125,0.2595612406730652,1,bike_lane
IM_05584.JPG,478,1227.2344970703125,407.3822937011719,1300.5989990234375,533.1722412109375,0.3612852990627289,1,bike_lane
IM_05595.JPG,479,1013.1963500976562,446.0703125,1072.42431640625,594.69677734375,0.3284286558628082,1,roadway
IM_05599.JPG,481,1188.395751953125,421.48651123046875,1253.425537109375,607.2587890625,0.42575258016586304,1,bike_lane
IM_05601.JPG,483,950.113525390625,472.58734130859375,1102.945068359375,679.733154296875,0.8074471354484558,1,bike_lane
IM_05609.JPG,486,989.09033203125,490.50579833984375,1139.144287109375,717.8982543945312,0.674791157245636,1,bike_lane
IM_05619.JPG,488,960.686279296875,493.42034912109375,1093.131591796875,735.8040161132812,0.7836589813232422,1,bike_lane
IM_05629.JPG,490,1057.2037353515625,500.5533142089844,1172.7601318359375,691.2763671875,0.6950472593307495,1,bike_lane
IM_05657.JPG,492,1134.0721435546875,441.5843811035156,1225.7431640625,649.903564453125,0.6645330190658569,1,bike_lane
IM_05683.JPG,496,1110.8828125,489.6440734863281,1204.28564453125,662.7613525390625,0.3926524519920349,1,bike_lane
IM_05711.JPG,500,944.363525390625,447.22174072265625,1136.2452392578125,757.2996826171875,0.7626414895057678,1,bike_lane
IM_05725.JPG,505,976.02099609375,475.08856201171875,1130.6158447265625,685.2284545898438,0.6084229946136475,1,bike_lane
IM_05762.JPG,511,1127.4049072265625,431.8980712890625,1245.9642333984375,622.22216796875,0.41917189955711365,1,bike_lane
IM_05773.JPG,514,1047.6405029296875,448.40313720703125,1238.357177734375,670.5340576171875,0.38694214820861816,1,bike_lane
IM_05803.JPG,518,921.68994140625,460.16986083984375,1094.422607421875,745.5415649414062,0.7505902647972107,1,bike_lane
IM_05841.JPG,522,1120.9853515625,441.0198974609375,1220.02392578125,650.5404663085938,0.3990269601345062,1,bike_lane
IM_05877.JPG,524,959.9073486328125,446.04327392578125,1097.02099609375,697.5281982421875,0.5326679944992065,1,bike_lane
IM_05877.JPG,524,961.6356811523438,485.214111328125,1073.814208984375,692.5958251953125,0.27660465240478516,1,bike_lane
IM_05889.JPG,526,1226.3297119140625,416.29229736328125,1293.7509765625,582.3088989257812,0.6530583500862122,1,bike_lane
IM_05937.JPG,530,1077.4720458984375,393.3589782714844,1181.593505859375,557.90234375,0.5675324201583862,1,roadway
IM_05963.JPG,532,1229.5771484375,443.8254089355469,1294.0673828125,583.7047119140625,0.3795742094516754,1,bike_lane
IM_05966.JPG,534,1277.7640380859375,392.1409912109375,1352.60498046875,531.0403442382812,0.5071156024932861,1,bike_lane
IM_06013.JPG,541,0.0,411.844482421875,254.57257080078125,683.518798828125,0.8631483316421509,1,roadway
IM_06062.JPG,542,939.13623046875,510.8883361816406,1157.605224609375,813.3193359375,0.5663078427314758,1,bike_lane
IM_06062.JPG,542,938.327392578125,538.8880004882812,1102.8594970703125,814.0833740234375,0.39571622014045715,1,bike_lane
IM_06079.JPG,545,984.5694580078125,538.5655517578125,1128.12158203125,757.8330688476562,0.6887316107749939,1,bike_lane
IM_06087.JPG,549,1132.8702392578125,417.7821350097656,1212.097412109375,616.488525390625,0.4702904224395752,1,bike_lane
IM_06087.JPG,549,1131.6639404296875,428.556884765625,1189.20654296875,617.6246337890625,0.3354116678237915,1,bike_lane
IM_06087.JPG,549,1125.68505859375,394.5667419433594,1226.020263671875,614.052001953125,0.3001282215118408,1,bike_lane
IM_06087.JPG,549,1132.668701171875,445.32568359375,1187.31982421875,616.9434814453125,0.2776997983455658,1,bike_lane
IM_06109.JPG,553,1014.9364013671875,526.2835693359375,1118.832275390625,696.8892822265625,0.46451157331466675,1,bike_lane
IM_06109.JPG,553,1132.5889892578125,483.1802673339844,1193.4942626953125,620.46435546875,0.3881332278251648,1,bike_lane
IM_06109.JPG,553,1015.8524780273438,410.72021484375,1212.323486328125,695.2355346679688,0.32855427265167236,1,bike_lane
IM_06109.JPG,553,1013.350830078125,484.49688720703125,1138.6004638671875,695.2943115234375,0.32162725925445557,1,bike_lane
IM_06111.JPG,555,942.998046875,516.384765625,1122.0440673828125,824.756591796875,0.811698317527771,1,bike_lane
IM_06116.JPG,558,0.2075672149658203,541.7199096679688,66.01677703857422,748.1669311523438,0.5783174633979797,1,roadway
IM_06116.JPG,558,1025.2796630859375,363.9632263183594,1083.7811279296875,488.1951599121094,0.4640001058578491,1,roadway
IM_06116.JPG,558,0.0,445.3695373535156,65.90863800048828,747.9150390625,0.27146437764167786,1,roadway
IM_06129.JPG,559,1081.7550048828125,495.09942626953125,1214.7086181640625,752.8002319335938,0.5595650672912598,1,bike_lane
IM_06145.JPG,561,1152.8316650390625,433.6950988769531,1236.7269287109375,631.5225830078125,0.7095585465431213,1,bike_lane
IM_06147.JPG,563,1341.861083984375,383.67022705078125,1412.0029296875,475.75836181640625,0.324875146150589,1,bike_lane
IM_06155.JPG,565,1172.656005859375,398.5333251953125,1271.5439453125,604.8778076171875,0.5155829787254333,1,bike_lane
IM_06163.JPG,567,1122.962890625,461.71234130859375,1193.742919921875,630.5185546875,0.4060153365135193,1,bike_lane
IM_06209.JPG,569,980.1095581054688,484.5226135253906,1163.945556640625,851.2445068359375,0.7591022849082947,1,bike_lane
IM_06210.JPG,570,1327.672119140625,386.1668701171875,1384.2198486328125,527.428955078125,0.5107817649841309,1,bike_lane
IM_06261.JPG,573,705.62158203125,397.5661926269531,847.927978515625,580.8283081054688,0.8211652040481567,1,roadway
IM_06273.JPG,575,989.2586059570312,422.7651672363281,1127.559326171875,644.5252685546875,0.658707857131958,1,bike_lane
IM_06317.JPG,577,891.2373046875,512.936767578125,1070.8349609375,838.219970703125,0.6104869842529297,1,bike_lane
IM_06318.JPG,578,1250.1915283203125,426.70220947265625,1302.3671875,543.6859130859375,0.6236041188240051,1,bike_lane
IM_06327.JPG,580,1037.4010009765625,400.6006164550781,1145.31982421875,618.0507202148438,0.6773170828819275,1,bike_lane
IM_06391.JPG,588,1122.54541015625,399.7834167480469,1205.20849609375,555.84033203125,0.7610592842102051,1,bike_lane
IM_06391.JPG,588,1122.3106689453125,422.94781494140625,1186.428466796875,555.1701049804688,0.30076465010643005,1,bike_lane
IM_06419.JPG,591,1027.2576904296875,446.40325927734375,1153.2742919921875,641.7021484375,0.4591199457645416,1,bike_lane
IM_06429.JPG,597,1091.4140625,469.5615234375,1201.9208984375,691.5108032226562,0.7092121243476868,1,bike_lane
IM_06443.JPG,600,1069.8116455078125,503.1387634277344,1185.944091796875,683.5863037109375,0.6417333483695984,1,bike_lane
IM_06459.JPG,602,1235.993408203125,433.7293395996094,1319.11474609375,564.411376953125,0.3875972628593445,1,bike_lane
IM_06487.JPG,606,1159.72314453125,463.5061340332031,1246.052978515625,647.4365234375,0.8129416704177856,1,bike_lane
IM_06488.JPG,607,1256.634033203125,439.7438049316406,1317.9267578125,550.9720458984375,0.47642621397972107,1,bike_lane
IM_06559.JPG,612,1067.275146484375,506.34942626953125,1174.2786865234375,739.8076171875,0.7192282676696777,1,bike_lane
IM_06559.JPG,612,1069.0528564453125,509.4557189941406,1145.546630859375,736.9172973632812,0.28199997544288635,1,bike_lane
IM_06562.JPG,615,922.876220703125,358.3663330078125,1003.54052734375,472.1004638671875,0.5019533634185791,1,roadway
IM_06691.JPG,618,1045.5054931640625,491.17694091796875,1177.61328125,759.6529541015625,0.761277437210083,1,bike_lane
IM_06692.JPG,619,1353.12109375,395.57598876953125,1401.956298828125,500.0296630859375,0.42139577865600586,1,bike_lane
IM_06729.JPG,624,1037.1435546875,382.36712646484375,1174.877685546875,525.6162109375,0.32889455556869507,1,roadway
IM_06734.JPG,627,1187.88427734375,468.12615966796875,1292.0540771484375,617.79638671875,0.44589754939079285,1,bike_lane
IM_06734.JPG,627,1182.524169921875,467.5887451171875,1256.884521484375,618.3674926757812,0.33702194690704346,1,bike_lane
IM_06749.JPG,628,892.7825317382812,515.5259399414062,1097.568359375,825.39111328125,0.7746526598930359,1,bike_lane
IM_06753.JPG,630,1016.927490234375,485.6553039550781,1140.988037109375,721.2635498046875,0.5524887442588806,1,bike_lane
IM_06755.JPG,632,999.2726440429688,455.5857238769531,1124.48779296875,648.611328125,0.5679899454116821,1,bike_lane
IM_06755.JPG,632,1002.3922119140625,425.5560302734375,1142.1875,630.0546264648438,0.27927494049072266,1,bike_lane
IM_06801.JPG,638,1087.2176513671875,451.41851806640625,1214.887451171875,655.7767333984375,0.2746487855911255,1,bike_lane
IM_06931.JPG,648,871.8250732421875,469.0935974121094,1107.8919677734375,834.136474609375,0.688852846622467,1,bike_lane
IM_06932.JPG,649,1241.487548828125,440.7027282714844,1293.233154296875,544.1043701171875,0.39587679505348206,1,bike_lane
IM_06947.JPG,652,1197.0120849609375,435.9385986328125,1288.4132080078125,658.1024780273438,0.46711859107017517,1,bike_lane
IM_06947.JPG,652,1186.5999755859375,415.67706298828125,1310.3001708984375,657.622802734375,0.3072897791862488,1,bike_lane
IM_06948.JPG,653,1217.418701171875,419.2950439453125,1302.4638671875,592.8316650390625,0.6465513706207275,1,bike_lane
IM_07007.JPG,654,846.1261596679688,428.79656982421875,1012.9583129882812,675.0906982421875,0.8575324416160583,1,bike_lane
IM_07007.JPG,654,949.3170776367188,434.099853515625,1009.0504760742188,628.1949462890625,0.45246222615242004,1,roadway
IM_07007.JPG,654,847.7276611328125,466.885009765625,978.55029296875,674.8468627929688,0.25235649943351746,1,bike_lane
IM_07008.JPG,655,1307.586669921875,354.7094421386719,1350.215576171875,446.1905822753906,0.6149969100952148,1,roadway
IM_07069.JPG,658,951.7392578125,436.778076171875,1092.65576171875,706.1033325195312,0.7499857544898987,1,bike_lane
IM_07070.JPG,659,1353.247802734375,355.0644836425781,1397.2685546875,454.4832458496094,0.523370623588562,1,bike_lane
IM_07087.JPG,666,862.6241455078125,453.0142822265625,1040.85791015625,766.8876342773438,0.7714605331420898,1,bike_lane
IM_07088.JPG,667,1292.8658447265625,355.0593566894531,1341.6685791015625,474.5299987792969,0.34731873869895935,1,bike_lane
IM_07171.JPG,671,642.1376342773438,478.6643371582031,969.7430419921875,904.21435546875,0.8127240538597107,1,bike_lane
IM_07177.JPG,675,575.0009765625,548.7998657226562,885.5655517578125,993.8051147460938,0.7909389138221741,1,bike_lane
IM_07178.JPG,676,1177.379638671875,414.5221252441406,1259.81640625,588.5099487304688,0.4224536418914795,1,bike_lane
IM_07183.JPG,677,842.4169921875,533.646484375,1067.532958984375,861.8643798828125,0.7514066696166992,1,bike_lane
IM_07183.JPG,677,840.5361328125,551.714111328125,978.6729125976562,861.5609130859375,0.2820320129394531,1,bike_lane
IM_07183.JPG,677,841.9114379882812,552.00244140625,985.9583129882812,862.4730834960938,0.2504269778728485,1,bike_lane
IM_07184.JPG,678,1322.8258056640625,412.3538818359375,1381.065185546875,511.6264343261719,0.39617425203323364,1,bike_lane
IM_07189.JPG,679,965.578857421875,494.126220703125,1100.462890625,749.59716796875,0.7517391443252563,1,bike_lane
IM_07199.JPG,681,784.6651611328125,473.5727233886719,1022.4959106445312,818.3662109375,0.7635644674301147,1,bike_lane
IM_07200.JPG,682,1280.440673828125,395.9475402832031,1347.3060302734375,500.5690612792969,0.4068366587162018,1,bike_lane
IM_07225.JPG,685,1089.11279296875,418.7676086425781,1186.789306640625,607.661865234375,0.6111916303634644,1,bike_lane
IM_07251.JPG,689,972.3755493164062,476.8392333984375,1123.040771484375,736.0427856445312,0.6381751298904419,1,bike_lane
IM_07257.JPG,691,952.24951171875,497.5169677734375,1117.93798828125,785.05078125,0.779511034488678,1,bike_lane
IM_07258.JPG,692,1358.37353515625,374.1210021972656,1405.080078125,482.5919494628906,0.43765756487846375,1,bike_lane
IM_07303.JPG,693,1044.7337646484375,446.43402099609375,1195.8443603515625,706.58251953125,0.8189408183097839,1,bike_lane
IM_07304.JPG,694,1369.981201171875,308.9832763671875,1427.4012451171875,463.68780517578125,0.39186742901802063,1,bike_lane
IM_07380.JPG,701,1267.7655029296875,399.0575866699219,1341.7939453125,561.7794189453125,0.5617795586585999,1,bike_lane
IM_07446.JPG,706,1283.3271484375,421.405517578125,1327.824462890625,525.5654296875,0.6430445909500122,1,bike_lane
IM_07446.JPG,706,1278.7943115234375,405.0046691894531,1333.331787109375,524.5970458984375,0.38889315724372864,1,bike_lane
IM_07459.JPG,707,748.9517211914062,487.1992492675781,1029.75927734375,885.2048950195312,0.8666660189628601,1,bike_lane
IM_07531.JPG,710,615.361572265625,497.75811767578125,903.7018432617188,910.7777099609375,0.8483567833900452,1,bike_lane
IM_07532.JPG,711,1206.0958251953125,414.69873046875,1277.3402099609375,559.7274169921875,0.7585307359695435,1,bike_lane
IM_07674.JPG,721,640.1988525390625,535.062255859375,884.6050415039062,942.3675537109375,0.535675585269928,1,bike_lane
IM_07674.JPG,721,801.4654541015625,482.9835205078125,1054.080322265625,857.5638427734375,0.3693835139274597,1,bike_lane
IM_07674.JPG,721,648.5631103515625,481.6787109375,1051.507568359375,933.1503295898438,0.28374069929122925,1,bike_lane
IM_07675.JPG,722,914.1758422851562,442.0751037597656,1069.406494140625,713.2830810546875,0.8893591165542603,1,bike_lane
IM_07676.JPG,723,1314.7633056640625,369.5893249511719,1363.6744384765625,478.5035705566406,0.3874700963497162,1,bike_lane
IM_07749.JPG,730,977.7022705078125,489.5706481933594,1123.89404296875,722.1888427734375,0.7693302631378174,1,bike_lane
IM_07750.JPG,731,1358.03857421875,394.03118896484375,1402.21826171875,475.20001220703125,0.5747812390327454,1,bike_lane
IM_07750.JPG,731,1224.92578125,396.1756896972656,1281.3681640625,514.6396484375,0.487021267414093,1,bike_lane
IM_07750.JPG,731,1225.56787109375,383.6479797363281,1281.6051025390625,513.5875244140625,0.4633837938308716,1,bike_lane
IM_07750.JPG,731,1225.09814453125,388.98858642578125,1281.644287109375,514.2730712890625,0.4126218855381012,1,bike_lane
IM_07750.JPG,731,1225.176513671875,378.37481689453125,1282.8408203125,514.1146240234375,0.4116484820842743,1,bike_lane
IM_07750.JPG,731,1224.1314697265625,379.46722412109375,1287.68701171875,513.327392578125,0.390824556350708,1,bike_lane
IM_07750.JPG,731,1224.9334716796875,415.11102294921875,1279.576904296875,514.791259765625,0.3655026853084564,1,bike_lane
IM_07750.JPG,731,1222.717041015625,382.79901123046875,1287.8603515625,512.47998046875,0.338428258895874,1,bike_lane
IM_07750.JPG,731,1225.0301513671875,378.3591613769531,1283.8670654296875,515.6524658203125,0.3192436397075653,1,bike_lane
IM_07750.JPG,731,1224.122314453125,387.0887145996094,1285.610595703125,514.9290771484375,0.2815226912498474,1,bike_lane
IM_07783.JPG,736,1181.7476806640625,413.679931640625,1249.51806640625,576.6505737304688,0.7573673725128174,1,bike_lane
IM_07831.JPG,739,948.5240478515625,445.93194580078125,1077.9759521484375,675.9369506835938,0.8551964163780212,1,bike_lane
IM_07845.JPG,741,904.1993408203125,489.2496643066406,1070.8985595703125,808.1810302734375,0.8690720200538635,1,bike_lane
IM_07846.JPG,742,1284.2470703125,376.12982177734375,1341.618408203125,503.8682861328125,0.6958894729614258,1,bike_lane
IM_07849.JPG,743,1107.6468505859375,433.50494384765625,1207.03515625,621.9047241210938,0.6848948001861572,1,bike_lane
IM_07861.JPG,745,1058.6923828125,414.3836975097656,1201.895263671875,693.735107421875,0.6681452393531799,1,bike_lane
IM_07861.JPG,745,1058.4378662109375,458.14324951171875,1172.8590087890625,691.1824951171875,0.2504557967185974,1,bike_lane
IM_07937.JPG,756,954.3425903320312,498.35504150390625,1127.516845703125,700.468994140625,0.6794773936271667,1,bike_lane
IM_07937.JPG,756,1004.1055297851562,511.38800048828125,1127.3955078125,699.18212890625,0.5518293976783752,1,bike_lane
IM_07987.JPG,760,1032.0400390625,424.0689697265625,1130.078125,592.2119750976562,0.6670405268669128,1,bike_lane
IM_08051.JPG,766,1297.8929443359375,404.7309265136719,1370.760986328125,563.0150146484375,0.5121721625328064,1,bike_lane
IM_08052.JPG,767,1103.105712890625,428.3590087890625,1212.1409912109375,641.0479736328125,0.7043432593345642,1,bike_lane
IM_08146.JPG,781,854.5307006835938,467.9219055175781,1063.6673583984375,778.8035888671875,0.7600102424621582,1,bike_lane
IM_08197.JPG,782,1115.1302490234375,433.1596984863281,1235.2042236328125,648.09716796875,0.7204206585884094,1,bike_lane
IM_08198.JPG,783,1372.0279541015625,348.09881591796875,1423.8720703125,462.4988708496094,0.5743920207023621,1,bike_lane
IM_08209.JPG,784,1062.0098876953125,421.02862548828125,1158.0662841796875,595.2593383789062,0.7615678906440735,1,bike_lane
IM_08719.JPG,797,1170.0523681640625,444.509033203125,1241.724609375,584.734375,0.27868542075157166,1,bike_lane
IM_08735.JPG,799,1185.542236328125,409.1450500488281,1268.228515625,560.242919921875,0.6715846061706543,1,bike_lane
IM_08735.JPG,799,1188.2691650390625,445.3334655761719,1255.9317626953125,563.2705078125,0.4518423080444336,1,bike_lane
IM_08817.JPG,803,1077.666748046875,478.9208984375,1177.2939453125,643.8547973632812,0.7946059107780457,1,bike_lane
IM_08833.JPG,808,974.9862670898438,471.0107116699219,1150.901123046875,734.5230712890625,0.7633955478668213,1,bike_lane
IM_08834.JPG,809,1347.212890625,363.0456848144531,1402.813720703125,484.4068908691406,0.6713317036628723,1,bike_lane
IM_08839.JPG,810,1102.6988525390625,478.01116943359375,1199.4056396484375,657.8361206054688,0.5623628497123718,1,bike_lane
IM_08839.JPG,810,1114.528564453125,475.699462890625,1197.47607421875,619.4552612304688,0.28293663263320923,1,bike_lane
IM_08847.JPG,812,1001.3419189453125,460.5077819824219,1129.636962890625,667.739013671875,0.7533057332038879,1,bike_lane
IM_08847.JPG,812,1005.0863037109375,466.7610168457031,1094.799072265625,666.5411376953125,0.2897075414657593,1,bike_lane
IM_08863.JPG,814,1159.6380615234375,438.2011413574219,1263.435791015625,658.9371337890625,0.5124021172523499,1,bike_lane
IM_08873.JPG,816,1096.962158203125,448.8661193847656,1209.82177734375,645.21630859375,0.45563095808029175,1,bike_lane
IM_08881.JPG,818,1229.7249755859375,448.26806640625,1295.4656982421875,595.7307739257812,0.341031938791275,1,bike_lane
IM_08891.JPG,820,1153.148193359375,387.1295471191406,1232.53369140625,537.39453125,0.5097665190696716,1,bike_lane
IM_08891.JPG,820,1175.976318359375,390.7103576660156,1233.234130859375,523.4628295898438,0.39568591117858887,1,roadway
IM_08910.JPG,822,920.0413818359375,469.61474609375,1034.1019287109375,701.9442138671875,0.6364654302597046,1,bike_lane
IM_08937.JPG,827,1132.56884765625,357.28875732421875,1195.65673828125,452.68560791015625,0.5501337051391602,1,roadway
IM_08955.JPG,831,993.237548828125,461.98724365234375,1128.6429443359375,693.5144653320312,0.4704362750053406,1,bike_lane
IM_08965.JPG,839,1031.216064453125,455.9344482421875,1191.23974609375,697.2281494140625,0.44443291425704956,1,bike_lane
IM_08965.JPG,839,1030.3787841796875,463.7452697753906,1130.96240234375,695.906982421875,0.3850117325782776,1,bike_lane
IM_08971.JPG,841,1047.708740234375,445.94512939453125,1158.6883544921875,637.5439453125,0.46267977356910706,1,bike_lane
IM_08971.JPG,841,1061.30810546875,454.48101806640625,1133.728515625,634.6841430664062,0.2635214626789093,1,bike_lane
IM_08985.JPG,843,1097.0562744140625,480.9429016113281,1211.6715087890625,685.109375,0.4546124041080475,1,bike_lane
IM_08985.JPG,843,1062.518798828125,475.27935791015625,1247.1383056640625,664.2918701171875,0.33783602714538574,1,bike_lane
IM_08985.JPG,843,1101.4757080078125,503.22174072265625,1191.8382568359375,684.049560546875,0.33748048543930054,1,bike_lane
IM_09011.JPG,847,982.0784912109375,469.13623046875,1142.01123046875,671.2192993164062,0.5526097416877747,1,bike_lane
IM_09011.JPG,847,972.343994140625,472.78607177734375,1089.05322265625,672.8272094726562,0.2783583104610443,1,bike_lane
IM_09037.JPG,853,1133.1051025390625,409.2358703613281,1235.7801513671875,656.7068481445312,0.6394665837287903,1,bike_lane
IM_09043.JPG,855,1022.2483520507812,441.5420837402344,1172.623779296875,637.2294921875,0.47122469544410706,1,bike_lane
IM_09049.JPG,857,933.9017944335938,417.7059631347656,1058.9791259765625,615.718994140625,0.6963871717453003,1,roadway
IM_09049.JPG,857,1103.8311767578125,432.8183898925781,1210.38134765625,641.3641357421875,0.38745197653770447,1,bike_lane
IM_09049.JPG,857,1046.56396484375,433.0873718261719,1204.623291015625,642.3895263671875,0.2860502302646637,1,bike_lane
IM_09089.JPG,859,977.0277099609375,426.4886169433594,1139.876953125,694.4603271484375,0.6785044074058533,1,bike_lane
IM_09095.JPG,861,809.26904296875,445.3025207519531,1006.9901733398438,749.5266723632812,0.8708662390708923,1,bike_lane
IM_09095.JPG,861,1049.8927001953125,447.0418395996094,1227.653076171875,768.7948608398438,0.7769861817359924,1,bike_lane
IM_09095.JPG,861,1009.392333984375,445.0771179199219,1217.1221923828125,727.9912109375,0.30197882652282715,1,bike_lane
IM_09111.JPG,863,1055.2291259765625,420.899169921875,1148.7938232421875,596.8975830078125,0.7158463597297668,1,bike_lane
IM_09125.JPG,865,897.2293701171875,456.7760009765625,1138.9102783203125,827.6795654296875,0.8021687269210815,1,bike_lane
IM_09139.JPG,868,1224.62744140625,396.8594970703125,1314.87939453125,525.6536865234375,0.5145827531814575,1,bike_lane
IM_09147.JPG,870,1037.35107421875,423.17376708984375,1161.292236328125,660.7833251953125,0.40620043873786926,1,bike_lane
IM_09151.JPG,872,1145.377197265625,472.01409912109375,1237.336181640625,642.0883178710938,0.2636708617210388,1,bike_lane
IM_09171.JPG,874,1246.983154296875,393.7261047363281,1304.9873046875,515.17578125,0.25852227210998535,1,bike_lane
IM_09175.JPG,876,1134.283203125,429.942626953125,1231.591796875,617.2813720703125,0.5424029231071472,1,bike_lane
IM_09205.JPG,882,959.2750854492188,517.5206909179688,1070.84130859375,638.5426025390625,0.3100917935371399,1,bike_lane
IM_09229.JPG,886,1022.3782958984375,444.6506652832031,1139.1658935546875,634.5225219726562,0.623003363609314,1,bike_lane
IM_09273.JPG,888,873.22119140625,462.69708251953125,1086.610107421875,759.220703125,0.8562890291213989,1,bike_lane
IM_09289.JPG,890,1136.15185546875,433.2911682128906,1221.117919921875,613.3027954101562,0.6655634045600891,1,bike_lane
IM_09321.JPG,894,1216.240966796875,388.2646179199219,1297.595458984375,560.4446411132812,0.7112556099891663,1,bike_lane
IM_09335.JPG,898,1158.6304931640625,433.8033142089844,1247.247314453125,604.4580078125,0.5734411478042603,1,bike_lane
IM_09335.JPG,898,1159.4638671875,463.1397399902344,1234.717041015625,603.0767822265625,0.3363395929336548,1,bike_lane
IM_09377.JPG,900,912.73681640625,473.8155212402344,1084.01806640625,706.773681640625,0.8519396781921387,1,bike_lane
IM_09378.JPG,901,1296.201171875,340.53399658203125,1352.6669921875,483.2232971191406,0.31002363562583923,1,bike_lane
IM_09409.JPG,902,710.6143188476562,447.64141845703125,934.4425048828125,731.7535400390625,0.6007447838783264,1,bike_lane
IM_09409.JPG,902,1060.275390625,495.4892578125,1174.9677734375,744.0386962890625,0.37094277143478394,1,bike_lane
IM_09409.JPG,902,1008.4432983398438,464.22088623046875,1190.34326171875,746.4519653320312,0.3189082145690918,1,bike_lane
IM_09410.JPG,903,1162.0343017578125,405.8971252441406,1250.10107421875,508.7392272949219,0.45060110092163086,1,roadway
IM_09410.JPG,903,1298.54931640625,391.6615905761719,1377.0845947265625,510.2503967285156,0.4173276126384735,1,bike_lane
IM_09410.JPG,903,1162.7991943359375,405.5494384765625,1250.313720703125,510.155517578125,0.385071337223053,1,roadway
IM_09410.JPG,903,1296.22216796875,398.7560119628906,1369.7274169921875,518.3365478515625,0.3697676658630371,1,bike_lane
IM_09410.JPG,903,1162.222412109375,404.4212951660156,1249.1151123046875,507.7554016113281,0.3452906608581543,1,roadway
IM_09410.JPG,903,1162.29541015625,405.98870849609375,1250.375732421875,509.3515625,0.3270893096923828,1,roadway
IM_09410.JPG,903,1297.1954345703125,391.26812744140625,1374.9300537109375,516.8773193359375,0.29686641693115234,1,bike_lane
IM_09410.JPG,903,1300.2156982421875,388.3717346191406,1378.6275634765625,516.88525390625,0.26344892382621765,1,bike_lane
IM_09415.JPG,904,1124.0819091796875,424.72064208984375,1209.4632568359375,577.6102294921875,0.6252709627151489,1,bike_lane
IM_09439.JPG,909,1031.330078125,438.5189208984375,1246.5706787109375,732.506103515625,0.32835882902145386,1,bike_lane
IM_09440.JPG,910,1366.142333984375,380.7986755371094,1430.5181884765625,467.7230529785156,0.5374807119369507,1,bike_lane
IM_09440.JPG,910,1053.73779296875,358.8615417480469,1127.4188232421875,465.9894104003906,0.36821597814559937,1,roadway
IM_09440.JPG,910,1058.264892578125,354.6031494140625,1128.35986328125,465.2350158691406,0.32889896631240845,1,roadway
IM_09445.JPG,911,934.248779296875,446.51165771484375,1132.4029541015625,696.134033203125,0.3825153112411499,1,bike_lane
IM_09445.JPG,911,988.6759033203125,460.2851257324219,1119.185546875,694.69970703125,0.2822054624557495,1,bike_lane
IM_09446.JPG,912,1266.40283203125,374.46148681640625,1350.4039306640625,486.16607666015625,0.5209928154945374,1,bike_lane
IM_09454.JPG,914,1344.8333740234375,401.7222900390625,1401.1898193359375,510.88800048828125,0.30106374621391296,1,bike_lane
IM_09475.JPG,915,952.1824951171875,491.1951599121094,1138.2095947265625,777.8980712890625,0.5341730117797852,1,bike_lane
IM_09475.JPG,915,950.99853515625,530.3952026367188,1100.487060546875,777.033203125,0.39940547943115234,1,bike_lane
IM_09475.JPG,915,950.306640625,542.927490234375,1093.0595703125,776.7073974609375,0.29716190695762634,1,bike_lane
IM_09475.JPG,915,952.68798828125,555.8534545898438,1097.130859375,777.8304443359375,0.2920338213443756,1,bike_lane
IM_09475.JPG,915,950.8965454101562,540.1640625,1103.76806640625,776.672607421875,0.2679705023765564,1,bike_lane
IM_09476.JPG,916,1329.6793212890625,398.9560546875,1376.5682373046875,492.12396240234375,0.6831689476966858,1,bike_lane
IM_09476.JPG,916,1325.5535888671875,380.8868408203125,1384.9544677734375,492.136962890625,0.35340508818626404,1,bike_lane
IM_09493.JPG,917,1048.679931640625,484.0078125,1185.41552734375,749.3946533203125,0.7439717650413513,1,bike_lane
IM_09500.JPG,920,1028.895263671875,450.3377380371094,1167.6796875,705.1968383789062,0.6614002585411072,1,bike_lane
IM_09500.JPG,920,1030.964111328125,467.2453308105469,1128.8194580078125,705.28369140625,0.3248010575771332,1,bike_lane
IM_09519.JPG,925,1080.585693359375,442.7943420410156,1178.722900390625,656.7252197265625,0.4427960515022278,1,bike_lane
IM_09533.JPG,927,1105.0498046875,441.61614990234375,1218.4154052734375,622.2581787109375,0.5936782956123352,1,bike_lane
IM_09569.JPG,931,1049.8223876953125,441.69232177734375,1163.9765625,661.3978271484375,0.6572263240814209,1,bike_lane
IM_09585.JPG,936,1053.01904296875,399.35064697265625,1145.8231201171875,565.2478637695312,0.46725863218307495,1,roadway
IM_09596.JPG,939,779.6824951171875,483.2586364746094,986.5880126953125,790.328125,0.8903517127037048,1,bike_lane
IM_09607.JPG,940,919.617919921875,440.4077453613281,1084.468994140625,673.95166015625,0.644268810749054,1,bike_lane
IM_09607.JPG,940,921.1483154296875,453.68170166015625,1044.2552490234375,670.9528198242188,0.31331101059913635,1,bike_lane
IM_09623.JPG,946,899.250732421875,504.44219970703125,1109.83154296875,826.6971435546875,0.7725271582603455,1,bike_lane
IM_09623.JPG,946,1030.0211181640625,560.6061401367188,1101.6649169921875,745.9830322265625,0.2680981159210205,1,bike_lane
IM_09624.JPG,947,1131.648193359375,393.08367919921875,1210.38623046875,554.0582275390625,0.6721509695053101,1,bike_lane
IM_09624.JPG,947,1336.886962890625,379.5861511230469,1398.042724609375,512.995849609375,0.3931148946285248,1,bike_lane
IM_09711.JPG,957,588.02880859375,503.3350524902344,941.4274291992188,1003.1644287109375,0.9156926274299622,1,bike_lane
IM_09712.JPG,958,1216.8985595703125,438.4749755859375,1301.12890625,587.1361083984375,0.5946128368377686,1,bike_lane
IM_09717.JPG,961,1130.415283203125,460.05340576171875,1259.5406494140625,683.729736328125,0.769634485244751,1,bike_lane
IM_09718.JPG,962,1394.4466552734375,327.0185546875,1445.0921630859375,449.9588623046875,0.3820042908191681,1,bike_lane
IM_09805.JPG,963,916.71240234375,434.5133972167969,1045.19384765625,625.97265625,0.8298891186714172,1,roadway
IM_09847.JPG,967,1021.7662353515625,429.13824462890625,1114.34814453125,570.4346923828125,0.5989219546318054,1,roadway
IM_09847.JPG,967,1241.223876953125,404.59735107421875,1329.15771484375,609.0056762695312,0.5803499221801758,1,bike_lane
IM_09847.JPG,967,1243.6859130859375,457.57025146484375,1321.2149658203125,609.08837890625,0.2680792212486267,1,bike_lane
IM_09851.JPG,969,891.7849731445312,442.967529296875,1091.2802734375,727.862060546875,0.92026686668396,1,bike_lane
IM_09851.JPG,969,1294.87109375,393.506591796875,1362.1290283203125,501.2872314453125,0.39838907122612,1,bike_lane
IM_09851.JPG,969,1296.7412109375,409.5516357421875,1347.1904296875,501.82159423828125,0.27998092770576477,1,bike_lane
IM_09885.JPG,975,804.3425903320312,517.6851196289062,1035.82470703125,812.8412475585938,0.797555685043335,1,bike_lane
IM_09893.JPG,979,687.7862548828125,463.83013916015625,1009.4776611328125,923.94921875,0.8036625385284424,1,bike_lane
IM_09894.JPG,980,1285.5023193359375,418.1536560058594,1355.2451171875,543.2769775390625,0.6477329730987549,1,bike_lane
IM_09905.JPG,981,950.388916015625,450.74359130859375,1136.828369140625,700.8050537109375,0.454184889793396,1,bike_lane
IM_09905.JPG,981,953.2890014648438,460.3120422363281,1077.1358642578125,699.9373779296875,0.2826341390609741,1,bike_lane
IM_09909.JPG,983,1122.4166259765625,471.5111389160156,1225.032470703125,674.0279541015625,0.6447611451148987,1,bike_lane
IM_09915.JPG,985,1006.0123901367188,426.9033508300781,1114.763427734375,604.0881958007812,0.6917902231216431,1,bike_lane
IM_09925.JPG,989,785.7460327148438,468.0368957519531,1129.295654296875,870.470458984375,0.29775065183639526,1,bike_lane
IM_09949.JPG,992,1089.096923828125,445.6962890625,1169.281982421875,649.1358642578125,0.6367573142051697,1,bike_lane
IM_09961.JPG,994,1152.995361328125,454.975341796875,1251.8701171875,650.5449829101562,0.6641319990158081,1,bike_lane
IM_09962.JPG,995,1187.12841796875,392.1382141113281,1260.6024169921875,581.764404296875,0.7978429198265076,1,bike_lane
IM_09962.JPG,995,1405.2550048828125,349.0218200683594,1449.470458984375,440.2151184082031,0.32475003600120544,1,bike_lane
IM_10057.JPG,998,1070.678955078125,463.0793151855469,1189.30419921875,717.0518798828125,0.675305962562561,1,bike_lane
IM_10057.JPG,998,1064.345947265625,455.57574462890625,1233.1973876953125,718.634033203125,0.522793710231781,1,bike_lane
IM_10057.JPG,998,1761.48095703125,434.5641174316406,1853.960205078125,525.41943359375,0.4157916009426117,1,sidewalk
IM_10058.JPG,999,1760.93408203125,434.4319152832031,1853.171630859375,524.0157470703125,0.36770033836364746,1,sidewalk
IM_10058.JPG,999,1404.78955078125,313.3656005859375,1450.601806640625,448.4959716796875,0.33845582604408264,1,bike_lane
IM_10063.JPG,1000,1760.6971435546875,434.05078125,1853.1998291015625,524.8214721679688,0.3881121575832367,1,sidewalk
IM_10181.JPG,1011,996.765380859375,508.3883972167969,1159.61962890625,756.8404541015625,0.8278554677963257,1,bike_lane
IM_10197.JPG,1014,1140.30517578125,406.29632568359375,1229.73583984375,555.7314453125,0.5925068259239197,1,bike_lane
IM_10247.JPG,1016,946.1068725585938,509.5547790527344,1092.37451171875,770.052490234375,0.7793506979942322,1,bike_lane
IM_10248.JPG,1017,1365.7735595703125,371.0732116699219,1408.7342529296875,472.6733093261719,0.47980761528015137,1,bike_lane
IM_10251.JPG,1019,1083.436767578125,439.89239501953125,1191.5264892578125,699.0421142578125,0.6608665585517883,1,bike_lane
IM_10259.JPG,1021,860.7551879882812,468.7270202636719,1094.992431640625,831.751220703125,0.6053525805473328,1,bike_lane
IM_10259.JPG,1021,860.9481811523438,541.783447265625,991.8400268554688,829.22607421875,0.3322373926639557,1,bike_lane
IM_10260.JPG,1022,1342.353759765625,374.1145935058594,1400.1136474609375,493.2574768066406,0.543506920337677,1,bike_lane
IM_10301.JPG,1027,405.4710388183594,530.26123046875,743.411376953125,978.0851440429688,0.9463232755661011,1,bike_lane
IM_10302.JPG,1028,1097.468994140625,442.58966064453125,1196.7872314453125,618.1607055664062,0.6323959231376648,1,bike_lane
IM_10303.JPG,1029,1317.5313720703125,357.7401123046875,1372.10498046875,475.7706298828125,0.6053054332733154,1,bike_lane
IM_10304.JPG,1030,1387.6953125,324.1973876953125,1428.792236328125,418.0328063964844,0.4080120623111725,1,bike_lane
IM_10345.JPG,1032,835.2227783203125,478.8664855957031,1033.66845703125,743.1907958984375,0.748953104019165,1,bike_lane
IM_10346.JPG,1033,1285.407958984375,385.6654357910156,1353.646240234375,492.2723693847656,0.5381105542182922,1,bike_lane
IM_10346.JPG,1033,1284.7628173828125,383.452880859375,1355.5045166015625,491.15020751953125,0.4205070734024048,1,bike_lane
IM_10346.JPG,1033,1284.157958984375,388.33209228515625,1354.1357421875,489.7495422363281,0.3694814443588257,1,bike_lane
IM_10346.JPG,1033,1282.948974609375,388.5582275390625,1352.3411865234375,490.398193359375,0.281529039144516,1,bike_lane
IM_10346.JPG,1033,1287.66064453125,380.083984375,1357.0367431640625,493.77874755859375,0.269110769033432,1,bike_lane
IM_10365.JPG,1036,989.3952026367188,473.3960266113281,1137.72802734375,746.2175903320312,0.8422569632530212,1,bike_lane
IM_10371.JPG,1038,887.4241333007812,489.2725524902344,1073.660400390625,787.559814453125,0.8940197825431824,1,bike_lane
IM_10372.JPG,1039,1308.4486083984375,387.86358642578125,1355.279296875,501.4197998046875,0.7198154330253601,1,bike_lane
IM_10403.JPG,1040,1107.55126953125,447.8388671875,1231.031005859375,667.70166015625,0.6311872601509094,1,bike_lane
IM_10404.JPG,1041,1382.78857421875,355.0328063964844,1425.9443359375,450.3241882324219,0.27587267756462097,1,bike_lane
IM_10491.JPG,1044,1092.8427734375,434.1012268066406,1226.244384765625,673.3566284179688,0.6563780307769775,1,bike_lane
IM_10531.JPG,1046,967.9178466796875,448.6380615234375,1118.8839111328125,688.2009887695312,0.6169615387916565,1,bike_lane
IM_10601.JPG,1054,895.6358642578125,463.973876953125,1064.3697509765625,727.1646728515625,0.8801523447036743,1,bike_lane
IM_10611.JPG,1058,1161.43701171875,438.92266845703125,1261.26904296875,623.1674194335938,0.5152850151062012,1,bike_lane
IM_10639.JPG,1062,1233.872314453125,431.564208984375,1298.3507080078125,581.0386962890625,0.6340524554252625,1,bike_lane
IM_10657.JPG,1064,991.73583984375,455.4515075683594,1127.1917724609375,692.7507934570312,0.849868655204773,1,bike_lane
IM_10675.JPG,1066,1105.887939453125,459.0114440917969,1216.1494140625,667.441162109375,0.8143482804298401,1,bike_lane
IM_10695.JPG,1069,1044.3690185546875,455.5331726074219,1160.6673583984375,675.3920288085938,0.7123197317123413,1,bike_lane
IM_10875.JPG,1082,774.18017578125,456.3983459472656,991.9229736328125,764.4053955078125,0.8096491694450378,1,bike_lane
IM_10875.JPG,1082,1078.3436279296875,517.4002075195312,1233.405029296875,806.450439453125,0.74173504114151,1,bike_lane
IM_10876.JPG,1083,1268.083740234375,394.1071472167969,1325.856689453125,496.5628967285156,0.5241742134094238,1,bike_lane
IM_10876.JPG,1083,1385.2723388671875,388.37109375,1430.3624267578125,504.667236328125,0.2685384750366211,1,bike_lane
IM_11465.JPG,1098,1057.2879638671875,457.4424133300781,1148.3206787109375,619.8157958984375,0.6498829126358032,1,bike_lane
IM_11465.JPG,1098,1056.576904296875,469.2160949707031,1116.66162109375,619.315185546875,0.3692091405391693,1,bike_lane
IM_11475.JPG,1100,1141.3809814453125,428.8142395019531,1226.068359375,600.9552612304688,0.8253862857818604,1,bike_lane
IM_11479.JPG,1102,1053.952392578125,422.3584899902344,1136.84423828125,565.4254150390625,0.6888694167137146,1,roadway
IM_11547.JPG,1104,1105.70703125,446.28277587890625,1173.05078125,574.0372924804688,0.3920476734638214,1,bike_lane
IM_11559.JPG,1106,914.8093872070312,481.2234191894531,1127.50146484375,794.5244140625,0.8066484928131104,1,bike_lane
IM_11560.JPG,1107,1319.3697509765625,380.46173095703125,1383.7459716796875,504.8330078125,0.7113000750541687,1,bike_lane
IM_11579.JPG,1108,929.2064208984375,482.1539611816406,1134.1494140625,804.6041259765625,0.7348163723945618,1,bike_lane
IM_11579.JPG,1108,930.9481201171875,514.478515625,1077.73974609375,804.9290771484375,0.4627542495727539,1,bike_lane
IM_11581.JPG,1110,1172.191162109375,430.7947998046875,1255.31591796875,615.490966796875,0.4356754720211029,1,bike_lane
IM_11601.JPG,1114,1113.4326171875,447.87872314453125,1263.07373046875,708.1895141601562,0.5396343469619751,1,bike_lane
IM_11631.JPG,1121,1152.7828369140625,415.24017333984375,1227.6876220703125,572.8936767578125,0.6562321782112122,1,bike_lane
IM_11631.JPG,1121,1151.784423828125,436.4724426269531,1212.2086181640625,571.8331298828125,0.341803640127182,1,bike_lane
IM_11655.JPG,1125,1058.6627197265625,436.8778381347656,1116.4420166015625,619.7410888671875,0.4450148344039917,1,bike_lane
IM_11655.JPG,1125,1053.9561767578125,438.11834716796875,1160.4239501953125,618.218505859375,0.4167296588420868,1,bike_lane
IM_11661.JPG,1127,1069.605712890625,460.08819580078125,1180.8233642578125,628.237060546875,0.5508570075035095,1,bike_lane
IM_11662.JPG,1128,1218.7607421875,405.26385498046875,1287.9544677734375,545.7925415039062,0.5023012161254883,1,bike_lane
IM_11667.JPG,1129,1032.72119140625,417.3201599121094,1141.7821044921875,611.8101196289062,0.5042644739151001,1,bike_lane
IM_11683.JPG,1131,842.7061157226562,423.7334289550781,1005.4524536132812,695.307373046875,0.8217935562133789,1,bike_lane
IM_11683.JPG,1131,1078.7073974609375,492.3629150390625,1217.095947265625,749.64111328125,0.7960055470466614,1,bike_lane
IM_11691.JPG,1135,1287.1534423828125,411.9825439453125,1336.4326171875,518.4052734375,0.5471585392951965,1,bike_lane
IM_11691.JPG,1135,1281.365478515625,408.083251953125,1349.799560546875,519.0747680664062,0.3281842768192291,1,bike_lane
IM_11699.JPG,1137,918.8864135742188,516.9779052734375,1043.15283203125,757.4381103515625,0.6225494146347046,1,bike_lane
IM_11699.JPG,1137,918.6773071289062,493.3995666503906,1099.63232421875,749.989013671875,0.29577112197875977,1,bike_lane
IM_11735.JPG,1139,942.1607666015625,489.9041748046875,1119.289306640625,752.4673461914062,0.5628036260604858,1,bike_lane
IM_11771.JPG,1142,758.6041870117188,482.54388427734375,1025.5103759765625,855.889892578125,0.8292123079299927,1,bike_lane
IM_11797.JPG,1145,968.59423828125,462.7884521484375,1070.50048828125,632.159423828125,0.6062575578689575,1,bike_lane
IM_11827.JPG,1147,1088.208984375,461.4626770019531,1171.96142578125,652.0450439453125,0.6676222681999207,1,bike_lane
IM_11827.JPG,1147,1082.75146484375,448.27001953125,1221.628662109375,648.3724365234375,0.38394421339035034,1,bike_lane
IM_11857.JPG,1149,1012.5477294921875,478.6520690917969,1137.1275634765625,685.7060546875,0.5965876579284668,1,bike_lane
IM_11869.JPG,1151,1242.241943359375,417.02197265625,1307.478759765625,573.8897705078125,0.6777427792549133,1,bike_lane
IM_11870.JPG,1152,1098.795166015625,447.0266418457031,1179.8046875,592.1192626953125,0.5115836262702942,1,bike_lane
IM_11899.JPG,1156,1159.510009765625,453.8145446777344,1266.16943359375,655.197265625,0.5485866069793701,1,bike_lane
IM_11899.JPG,1156,874.2808227539062,459.6285400390625,1024.139404296875,657.0546264648438,0.3803037405014038,1,bike_lane
IM_11899.JPG,1156,1154.7916259765625,490.9307556152344,1254.1834716796875,654.3131103515625,0.2807507812976837,1,bike_lane
IM_11911.JPG,1158,1212.8529052734375,376.8999938964844,1280.4140625,522.6759033203125,0.3731563687324524,1,bike_lane
IM_11934.JPG,1163,1281.3673095703125,390.1871337890625,1344.687744140625,525.510498046875,0.6460490226745605,1,bike_lane
IM_11956.JPG,1169,1109.909912109375,442.38641357421875,1211.24560546875,629.6102294921875,0.5815514326095581,1,bike_lane
IM_11977.JPG,1170,1166.827392578125,451.1309509277344,1245.62451171875,587.1220703125,0.3050827383995056,1,bike_lane
IM_12005.JPG,1176,1167.3046875,415.823486328125,1240.87060546875,568.9522094726562,0.7673233151435852,1,bike_lane
IM_12011.JPG,1178,1238.196044921875,426.84515380859375,1301.151611328125,536.648681640625,0.34895771741867065,1,bike_lane
IM_12015.JPG,1180,338.11346435546875,526.7156372070312,705.7548828125,967.645751953125,0.9290469884872437,1,bike_lane
IM_12016.JPG,1181,1067.68310546875,420.306884765625,1165.632568359375,597.2098388671875,0.6096535325050354,1,bike_lane
IM_12017.JPG,1182,1043.81591796875,465.1982116699219,1127.81884765625,684.8538208007812,0.302300363779068,1,bike_lane
IM_12017.JPG,1182,1050.9686279296875,497.55029296875,1135.4022216796875,684.1115112304688,0.2537779211997986,1,bike_lane
IM_12017.JPG,1182,1044.73876953125,470.3141784667969,1129.387451171875,686.9306640625,0.2534082233905792,1,bike_lane
IM_12029.JPG,1186,1201.58056640625,426.0500793457031,1275.6112060546875,586.1124267578125,0.5168407559394836,1,bike_lane
IM_12049.JPG,1188,891.9254150390625,512.5416870117188,1146.202880859375,758.3871459960938,0.7187559604644775,1,bike_lane
IM_12054.JPG,1193,1320.8983154296875,375.8982238769531,1383.960205078125,458.74932861328125,0.4255627989768982,1,bike_lane
IM_12109.JPG,1198,946.5664672851562,443.006103515625,1133.3748779296875,741.9171752929688,0.6887305974960327,1,bike_lane
IM_12109.JPG,1198,1032.2618408203125,449.3220520019531,1132.2213134765625,663.3480224609375,0.2606801390647888,1,bike_lane
IM_12135.JPG,1200,1077.0164794921875,429.6918640136719,1195.698974609375,644.755615234375,0.45286813378334045,1,bike_lane
IM_12157.JPG,1203,1155.8243408203125,452.3565673828125,1259.139892578125,638.94677734375,0.30320706963539124,1,bike_lane
IM_12195.JPG,1205,952.075439453125,518.7694091796875,1086.4476318359375,742.139404296875,0.3169386386871338,1,bike_lane
IM_12227.JPG,1207,595.8372802734375,441.91241455078125,848.2569580078125,743.9996337890625,0.555762767791748,1,roadway
IM_12227.JPG,1207,1037.3609619140625,440.1122131347656,1163.959716796875,647.9207153320312,0.35615596175193787,1,bike_lane
IM_12228.JPG,1208,1289.891357421875,372.62896728515625,1349.325927734375,469.7911376953125,0.6260094046592712,1,bike_lane
IM_12237.JPG,1209,789.9607543945312,431.9664001464844,1000.6378784179688,718.039794921875,0.8669052124023438,1,bike_lane
IM_12360.JPG,1218,1100.746826171875,473.6300354003906,1189.2156982421875,633.89306640625,0.3242399990558624,1,bike_lane
IM_12360.JPG,1218,1099.6268310546875,445.3537902832031,1206.78759765625,632.2531127929688,0.26342782378196716,1,bike_lane
IM_12373.JPG,1219,719.6553955078125,492.22869873046875,986.0267944335938,910.2806396484375,0.7957286238670349,1,bike_lane
IM_12374.JPG,1220,1287.3162841796875,394.83526611328125,1350.6446533203125,527.1217041015625,0.5245298147201538,1,bike_lane
IM_12406.JPG,1222,1289.318115234375,385.5039367675781,1352.5074462890625,486.8674621582031,0.3492054045200348,1,bike_lane
IM_12439.JPG,1223,959.622802734375,465.41986083984375,1083.6697998046875,710.1644897460938,0.6630048751831055,1,bike_lane
IM_12445.JPG,1225,1090.28857421875,445.0664978027344,1193.590087890625,694.5723876953125,0.7076874375343323,1,bike_lane
IM_12489.JPG,1227,1215.2119140625,428.9827880859375,1282.472900390625,559.354248046875,0.6165075302124023,1,bike_lane
IM_12489.JPG,1227,1212.512939453125,401.8362121582031,1298.57763671875,558.8417358398438,0.3530850112438202,1,bike_lane
IM_12490.JPG,1228,1235.68994140625,412.57720947265625,1317.1630859375,592.9827270507812,0.7240960597991943,1,bike_lane
IM_12559.JPG,1233,844.099609375,459.3210754394531,1057.9638671875,783.4964599609375,0.8799668550491333,1,bike_lane
IM_12575.JPG,1237,926.3681030273438,483.8390808105469,1081.59423828125,738.9974365234375,0.7829349040985107,1,bike_lane
IM_12731.JPG,1239,1072.186767578125,456.6197204589844,1176.420166015625,683.596923828125,0.7183476686477661,1,bike_lane
IM_12731.JPG,1239,1067.064453125,447.2945251464844,1214.190185546875,690.6871948242188,0.4094439744949341,1,bike_lane
IM_12732.JPG,1240,1354.1260986328125,356.0276184082031,1403.09912109375,450.4010925292969,0.2645536959171295,1,bike_lane
IM_12743.JPG,1241,1293.751220703125,438.1845703125,1352.01953125,541.3639526367188,0.5137206315994263,1,bike_lane
IM_12743.JPG,1241,1296.2655029296875,455.2376708984375,1367.0712890625,544.1264038085938,0.2992485463619232,1,bike_lane
IM_12743.JPG,1241,1286.57666015625,427.59393310546875,1361.7791748046875,546.3255615234375,0.28097033500671387,1,bike_lane
IM_12759.JPG,1243,1079.1605224609375,424.11126708984375,1187.4954833984375,639.2067260742188,0.3920444846153259,1,bike_lane
IM_12829.JPG,1245,1020.7314453125,438.7715148925781,1144.583740234375,689.7955322265625,0.5977540016174316,1,bike_lane
IM_12830.JPG,1246,1353.061279296875,356.6748046875,1395.7459716796875,443.78704833984375,0.5587192177772522,1,bike_lane
IM_12887.JPG,1251,724.7997436523438,524.7230224609375,925.160888671875,864.4327392578125,0.8682236671447754,1,bike_lane
IM_12939.JPG,1252,692.9188842773438,499.43389892578125,914.3421020507812,793.9085083007812,0.8704622387886047,1,bike_lane
IM_12940.JPG,1253,1080.520263671875,387.9359130859375,1152.57958984375,508.8704833984375,0.2889823913574219,1,roadway
IM_12940.JPG,1253,1079.666748046875,404.5280456542969,1121.3477783203125,509.0704650878906,0.27037614583969116,1,roadway
IM_13017.JPG,1254,938.470458984375,444.9998474121094,1099.281005859375,738.933349609375,0.913859486579895,1,bike_lane
IM_13018.JPG,1255,1359.572021484375,386.3521728515625,1400.8912353515625,482.6272888183594,0.3225501477718353,1,bike_lane
IM_13065.JPG,1258,1117.8619384765625,443.9988098144531,1202.662841796875,615.0087890625,0.2936663031578064,1,bike_lane
IM_13065.JPG,1258,1114.4080810546875,435.8683776855469,1221.75732421875,634.5130615234375,0.2742777168750763,1,bike_lane
IM_13101.JPG,1260,457.1635437011719,516.6743774414062,806.1192626953125,941.9338989257812,0.8889638781547546,1,bike_lane
IM_13102.JPG,1261,1143.816162109375,418.6894226074219,1238.5625,606.068359375,0.7152062654495239,1,bike_lane
IM_13157.JPG,1264,1143.524169921875,465.6294250488281,1237.62939453125,664.03955078125,0.8177757859230042,1,bike_lane
IM_13175.JPG,1266,1031.6064453125,424.396728515625,1127.916259765625,637.1669311523438,0.738338828086853,1,bike_lane
