track_id,crossing_any,crossing_crosswalk,crossing_non_crosswalk,wrong_way
788,False,False,False,NA
791,False,False,False,NA
795,False,False,False,NA
807,False,False,False,NA
814,False,False,False,False
817,False,False,False,NA
820,False,False,False,NA
825,False,False,False,NA
829,False,False,False,NA
834,False,False,False,NA
835,False,False,False,NA
836,False,False,False,NA
839,False,False,False,NA
841,True,False,True,NA
845,False,False,False,NA
846,False,False,False,NA
849,False,False,False,NA
850,False,False,False,NA
853,True,False,True,NA
855,False,False,False,NA
856,False,False,False,NA
857,False,False,False,NA
860,False,False,False,NA
861,False,False,False,NA
867,False,False,False,NA
868,False,False,False,False
871,False,False,False,NA
872,False,False,False,NA
880,False,False,False,NA
890,False,False,False,NA
896,False,False,False,NA
897,False,False,False,NA
899,False,False,False,NA
905,False,False,False,NA
910,False,False,False,NA
911,False,False,False,NA
912,False,False,False,NA
913,False,False,False,NA
920,False,False,False,NA
929,False,False,False,False
931,False,False,False,NA
933,False,False,False,NA
934,False,False,False,NA
936,False,False,False,NA
938,False,False,False,NA
940,False,False,False,NA
943,False,False,False,NA
949,False,False,False,NA
951,False,False,False,NA
952,False,False,False,False
953,False,False,False,NA
954,False,False,False,NA
955,False,False,False,NA
957,False,False,False,NA
975,False,False,False,NA
976,False,False,False,NA
979,False,False,False,NA
982,False,False,False,NA
985,False,False,False,NA
990,False,False,False,NA
992,False,False,False,NA
995,False,False,False,NA
998,False,False,False,NA
999,False,False,False,False
1000,False,False,False,NA
1001,False,False,False,NA
1002,False,False,False,NA
1003,False,False,False,False
1004,False,False,False,NA
1005,False,False,False,True
1008,False,False,False,False
1009,False,False,False,NA
1015,False,False,False,NA
1017,False,False,False,NA
1023,False,False,False,NA
1024,False,False,False,NA
1025,False,False,False,NA
1026,False,False,False,True
1027,False,False,False,NA
1028,False,False,False,NA
1030,False,False,False,False
1032,False,False,False,NA
1033,False,False,False,NA
1034,False,False,False,NA
1039,False,False,False,NA
1040,False,False,False,NA
1048,False,False,False,NA
1050,False,False,False,NA
1053,False,False,False,NA
1054,False,False,False,NA
1055,False,False,False,NA
1057,False,False,False,NA
1058,False,False,False,NA
1060,False,False,False,NA
1064,False,False,False,NA
1069,False,False,False,NA
1072,False,False,False,NA
1075,False,False,False,NA
1076,False,False,False,NA
1077,False,False,False,NA
1084,False,False,False,NA
1085,False,False,False,NA
1089,False,False,False,NA
1096,False,False,False,NA
1100,False,False,False,NA
1101,False,False,False,NA
1104,False,False,False,NA
1107,False,False,False,NA
1113,False,False,False,NA
1114,False,False,False,NA
1115,False,False,False,NA
1116,False,False,False,False
1120,False,False,False,NA
1121,False,False,False,False
1122,False,False,False,NA
1123,False,False,False,NA
1125,False,False,False,False
1126,False,False,False,NA
1127,False,False,False,NA
1128,False,False,False,NA
1129,False,False,False,NA
1130,False,False,False,NA
1138,False,False,False,NA
1139,False,False,False,NA
1140,False,False,False,NA
1142,False,False,False,NA
1143,False,False,False,NA
1147,False,False,False,NA
1152,False,False,False,NA
1156,False,False,False,NA
1158,False,False,False,NA
1163,False,False,False,NA
1164,False,False,False,NA
1165,False,False,False,NA
1166,False,False,False,NA
1167,True,False,True,True
1168,False,False,False,NA
1173,False,False,False,NA
1178,False,False,False,NA
1179,False,False,False,NA
1183,False,False,False,NA
1190,False,False,False,NA
1195,False,False,False,NA
1196,False,False,False,NA
1197,False,False,False,NA
1199,False,False,False,NA
1204,False,False,False,NA
1210,False,False,False,NA
1211,False,False,False,NA
1213,False,False,False,NA
1216,False,False,False,NA
1218,False,False,False,NA
1219,False,False,False,NA
1220,False,False,False,NA
1222,False,False,False,NA
1223,False,False,False,NA
1231,False,False,False,NA
1234,False,False,False,NA
1240,False,False,False,NA
1241,False,False,False,NA
1243,False,False,False,NA
1245,False,False,False,NA
1249,False,False,False,NA
1251,False,False,False,NA
1257,False,False,False,NA
1258,False,False,False,NA
1261,False,False,False,NA
1262,False,False,False,NA
1263,False,False,False,NA
1265,False,False,False,NA
1272,False,False,False,NA
1273,False,False,False,NA
1277,False,False,False,NA
1278,False,False,False,NA
1281,False,False,False,NA
1283,False,False,False,NA
1290,False,False,False,NA
1292,False,False,False,NA
1295,False,False,False,NA
1296,False,False,False,NA
1297,False,False,False,NA
1299,False,False,False,NA
1305,False,False,False,NA
1315,False,False,False,NA
1317,False,False,False,NA
1323,False,False,False,NA
1328,False,False,False,NA
1329,False,False,False,NA
1331,False,False,False,NA
1332,False,False,False,NA
1334,False,False,False,NA
1335,False,False,False,NA
1336,False,False,False,NA
1340,False,False,False,NA
1341,False,False,False,NA
1345,False,False,False,NA
1346,False,False,False,NA
1350,False,False,False,NA
1352,True,False,True,True
1358,False,False,False,NA
1363,False,False,False,NA
1378,False,False,False,NA
1380,False,False,False,NA
1383,False,False,False,NA
1386,False,False,False,NA
1404,False,False,False,NA
1405,False,False,False,NA
1415,False,False,False,NA
1417,False,False,False,NA
1419,False,False,False,NA
1422,False,False,False,NA
1426,False,False,False,NA
1431,False,False,False,NA
1434,False,False,False,False
1435,False,False,False,NA
1436,False,False,False,NA
1437,False,False,False,NA
1443,False,False,False,NA
1445,False,False,False,NA
1449,False,False,False,NA
1451,False,False,False,NA
1452,False,False,False,NA
1454,False,False,False,NA
1464,False,False,False,NA
1465,False,False,False,NA
1466,False,False,False,NA
1467,False,False,False,NA
1469,False,False,False,NA
1476,False,False,False,NA
1484,False,False,False,NA
1486,False,False,False,NA
1490,False,False,False,NA
1498,False,False,False,NA
1502,False,False,False,NA
1505,False,False,False,NA
1506,False,False,False,NA
1512,False,False,False,NA
1515,False,False,False,NA
1516,False,False,False,NA
1517,False,False,False,NA
1520,False,False,False,NA
1532,False,False,False,NA
1533,False,False,False,NA
1538,False,False,False,NA
1541,False,False,False,NA
1548,False,False,False,NA
1564,False,False,False,NA
1567,False,False,False,NA
1568,False,False,False,NA
1569,False,False,False,False
1578,False,False,False,NA
1579,False,False,False,NA
1583,False,False,False,NA
1593,False,False,False,NA
1600,False,False,False,NA
1604,False,False,False,NA
1612,True,False,True,NA
1616,False,False,False,NA
1625,False,False,False,NA
1630,False,False,False,NA
1631,False,False,False,NA
1632,False,False,False,NA
1635,False,False,False,NA
1637,False,False,False,NA
1640,False,False,False,NA
1644,False,False,False,NA
1646,False,False,False,NA
1649,False,False,False,NA
1651,False,False,False,NA
1657,False,False,False,NA
1660,False,False,False,NA
1668,False,False,False,NA
1669,False,False,False,NA
1671,False,False,False,NA
1674,False,False,False,NA
1675,False,False,False,NA
1681,False,False,False,NA
1684,False,False,False,NA
1688,False,False,False,NA
1693,False,False,False,NA
1698,False,False,False,NA
1702,False,False,False,NA
1707,False,False,False,NA
1711,False,False,False,NA
1716,False,False,False,NA
1717,False,False,False,NA
1719,False,False,False,NA
1721,False,False,False,NA
1724,False,False,False,NA
1731,False,False,False,NA
1741,False,False,False,NA
1747,False,False,False,NA
1749,False,False,False,NA
1752,False,False,False,NA
1754,False,False,False,NA
1755,False,False,False,NA
1761,False,False,False,NA
1765,False,False,False,NA
1772,False,False,False,NA
1773,False,False,False,NA
1774,False,False,False,NA
1775,False,False,False,NA
1777,True,False,True,False
1789,False,False,False,NA
1791,False,False,False,NA
1795,False,False,False,NA
1802,False,False,False,NA
1808,False,False,False,NA
1809,False,False,False,NA
1812,False,False,False,NA
1814,False,False,False,NA
1816,False,False,False,NA
1819,False,False,False,NA
1820,False,False,False,NA
1823,False,False,False,NA
1824,False,False,False,NA
1825,False,False,False,NA
1827,False,False,False,NA
1840,False,False,False,NA
1841,False,False,False,NA
1842,False,False,False,NA
1844,False,False,False,NA
1852,False,False,False,NA
