frame,track_id,x1,y1,x2,y2
5,788,532.3786010742188,820.3610229492188,702.4264526367188,1023.4491577148438
40,791,1431.9426533606866,705.3741000523571,1691.4112831572324,987.6469149849088
33,795,1312.9810122343024,729.5793745333023,1520.8100321648167,1016.0153198200081
84,807,925.0745132787988,583.9447792782889,970.7097819195801,657.4376747985391
86,814,190.0439016127784,626.3136860149998,334.3242674928032,698.3058420600992
89,814,196.01257769806472,641.3762853933315,327.1330709313442,698.8814355136562
90,814,194.0783779248897,637.848192802373,330.42455142444106,696.9634431603274
91,814,192.98959900355788,638.4853932641644,330.9326575869588,696.8644921382962
95,814,192.51364952433596,636.8257211332261,331.43628098738975,696.1984541748707
96,814,191.13730375161703,633.3009212760657,333.9954156866061,695.7347362545139
97,814,180.0876075087333,647.3216926813693,338.4603796951792,725.4791965040431
88,817,517.8657164308003,616.6638888949468,601.0364084534207,662.5633938162392
92,820,1033.449102577572,636.4947408836697,1087.2544881394224,701.7828751990967
94,825,830.618854331978,633.1048661616156,880.6469378258311,717.0395579293776
114,829,1675.9392177591774,695.1017565387922,1924.8477311881477,968.478290272893
116,829,1622.7587188667383,701.5151779788023,1918.8778543396354,1020.1200984026491
115,834,894.180657645493,603.1162601267179,1005.8671537626476,787.3574037048527
114,835,188.43806938886678,621.7873048885821,336.1986847556715,696.5191173827196
116,835,190.70572937599178,627.094935733452,332.40588196839366,697.1113617565214
123,835,191.1086888001602,627.0060066099437,333.5147503030721,696.5594368818716
124,835,191.16252343258174,624.978997406108,335.02268285698636,695.5678561005848
125,835,190.11893146728642,622.328749633816,336.6233392775098,695.4423149875838
126,835,190.4151618746282,624.6798174079453,336.175288579125,696.5273245664222
127,835,190.27987885053,625.7619297341455,336.4552664371958,696.9652471687193
128,835,189.08558743271465,622.2600351713274,337.2341204272549,695.5191039326924
129,835,188.7024025652198,621.0018300377992,337.95184844140795,695.7745592859444
130,835,188.83101755855967,621.2779066674537,338.0626342087147,696.3154346995988
131,835,188.83497974318732,622.2970428067783,337.9594254234239,696.8041627396769
133,835,178.75540649027593,607.9222437440831,319.69629495651293,689.5161798699364
135,835,216.1063054373358,611.2045230257656,341.4250170674337,692.2187173853224
136,835,204.5584260158145,613.4110650273079,336.12766099885016,694.8628499153823
137,835,199.03346665296914,611.3889566799157,335.4763673900914,694.8645171395397
138,835,197.2200691631837,614.890444807858,335.75152796252905,696.6555622183499
139,835,194.6436940462019,611.8171994898273,336.1842297967132,695.4173668325584
140,835,193.60978856165758,614.6418685707991,336.19316842374593,696.7585783388232
141,835,192.84509259917144,614.1791037398857,336.56107517511447,696.4492281610974
145,835,190.91314061883023,611.3483605634959,335.9473897631865,695.2902212905339
146,835,190.71101671960048,617.4659398168238,335.563532371399,697.7733802140159
147,835,190.12154449699614,622.7527323705307,335.68671507486573,698.6923654507067
148,835,189.6491275714932,624.2197359096559,336.08876102995293,698.4239345046611
149,835,189.44334714510097,621.8239821225924,336.4160969853444,696.7492250562024
150,835,178.80340064750453,609.4629538663793,315.19689149452563,691.1938364152967
152,835,189.50793047143915,621.0527139657631,329.4786023886152,697.7562246363327
153,835,191.00130320405287,623.312877177236,332.6815900361163,697.9073536364995
154,835,190.12523201137424,616.7245863387517,334.4520345771208,694.712179390298
155,835,189.87692410543286,624.6216938294177,335.4719315228863,698.2213495662089
156,835,189.70434884043044,626.0356354784352,336.17768545783434,698.1966596956753
157,835,189.59059547909706,622.7691916426809,337.3264403347307,696.2452120618973
158,835,189.30615952058844,621.9229966789385,337.6803701428991,696.0102064555792
160,835,194.66022039026768,610.4916327270346,340.7235531503669,691.694371080082
161,835,191.47169448553507,614.8607569301613,338.549235854224,695.1984757339698
162,835,190.46071682016736,619.9231936891947,337.7651683809281,697.4751590082424
163,835,189.46583754099973,617.1440022267001,338.319994861346,696.313916122711
164,835,188.5257200629261,610.5885072919775,338.68527632073653,693.706549813613
167,835,188.79393185546306,618.0049865604702,338.610799094498,697.5485794201696
170,835,188.5427951076326,616.4746314153242,338.841003541913,696.8966616911332
172,835,188.8407163572927,621.263120198647,338.6574979132121,698.2920730411535
127,836,1515.4167163178245,704.1942258134088,1812.2574135190107,1001.3916242404846
127,839,1008.8623180008593,630.0651877703084,1055.1854803844865,685.6066179219916
128,841,519.9533736636749,604.427598719014,600.8735436059142,660.9256046769012
129,841,516.8863010245999,600.3893963548742,602.5905263593035,660.5273332592567
130,841,514.8020142062899,599.7224679922808,601.4132618634121,660.9236551739298
131,841,515.8846070587415,599.8970489813471,601.9299981046497,660.904213273413
133,841,514.0962038232726,596.8127428201472,602.879145054686,660.4598595750488
140,841,516.604793763742,604.712308343303,595.9304274134774,661.942330042823
143,841,517.0126554360772,608.0665507063052,589.2073400960135,661.3702790832463
140,845,519.0258183331487,608.7256465713936,602.1657594073874,662.2907698894701
150,846,183.41465783592344,601.03579975279,323.41365507034925,700.9084822738452
151,846,183.2558433733726,594.8329327714375,316.14986990316294,697.5292280376004
157,849,1183.0533306701275,826.671367707616,1486.2547863201155,1032.0771764901217
154,850,1247.5162697217602,603.3550614841839,1390.6418457642658,760.1761275294294
158,853,516.4760720438087,592.9824813496017,595.5783016725754,661.0818563377517
160,853,514.9089315952743,599.2496341139196,577.6402659640474,658.5755025891614
163,853,518.7183874045047,601.7262625665719,577.3888156295218,659.2219951278898
165,853,519.6313430028821,597.9849579683561,592.1995645996657,661.1201084569631
166,853,518.0155691422572,595.0024440713111,597.1894891384072,661.0303867106637
168,853,515.5910462151581,595.4614497972766,591.8226157006424,660.8800566481298
160,855,89.61608709468285,725.1935899744328,232.0627333595294,872.1731980842424
163,856,765.2182223749455,611.4261565032022,811.8895628624512,728.7636470315048
164,857,865.7191733206123,671.7416038178534,955.7619767894898,825.4414286245145
169,860,1348.116976446875,620.3145895531428,1514.3475952560525,830.7639904909569
168,861,979.3950678207624,570.8461401845651,1052.6725078237764,690.0916970614727
171,867,191.23782322239373,627.6941316167315,336.66490998335513,696.3945057074443
173,867,194.58038385904607,631.80219136702,335.0570034513588,696.4061752581692
174,868,188.7438697745285,614.5868248526892,339.3181679019513,697.1913047039277
175,868,188.41773462562116,614.825406639687,338.8227595351764,696.9488803045623
176,868,187.99780166274775,611.6720049135628,339.3412975096958,695.9738660120146
177,868,188.1911019755746,612.5031460602896,339.11343975400507,696.1459726866345
178,868,188.86563981386,614.6926557696645,339.0423532945861,697.0380617088742
179,868,189.41054009655045,618.5254038134603,338.6750387113922,697.8769056179704
180,868,190.00916915636978,618.569230765697,338.7301622419012,697.0511429447039
181,868,190.60706498077,624.1332878594421,337.6580392610683,698.3006290057681
182,868,190.65653253067612,624.3042637491241,337.2099935092922,697.5872469066852
183,868,190.48151867792603,622.8792096093764,337.8130187054784,696.7668282339407
184,868,190.7156487491163,625.294692579474,337.55320566172577,697.5661376981652
185,868,191.23742004202086,624.5862282883628,337.68601188490334,696.6411340586127
186,868,190.71088272765374,622.8055927436108,337.9839239460222,696.123726153673
187,868,189.45800569771123,617.136804283509,338.4699559827293,694.2751515376219
188,868,189.7221607605473,620.1976153896526,338.3156132829491,696.44559643192
189,868,190.2040311616223,621.4102755826831,338.570713729353,696.7808009302479
192,868,189.53291166626906,618.547063905219,338.7543389836314,695.9480950111373
193,868,189.25368654866338,617.6619162974604,338.97046481267773,695.9771091863091
195,868,171.3778288716486,605.2432177414057,295.7806299723564,687.0798673830291
175,871,745.4533762391993,576.8402398076278,788.092338909946,640.3884688596472
177,872,716.3596112129787,630.3882814037895,780.229538813825,787.0134757454439
182,880,1079.132067439954,596.8385139943433,1172.2474094825934,718.8904942476171
192,890,1078.1936764227837,611.5918233122594,1174.8063383336205,745.3228548460919
198,896,980.0380525057778,593.7969127069952,1046.4204098247437,684.2351166559844
198,897,816.283255119614,588.6469609967561,873.8585748617335,694.4568536709534
197,899,82.09780590528175,682.4134805639596,170.00814946240112,885.5946169494621
199,905,229.3637680131859,611.7980121437499,337.013130911021,698.9984343578324
200,905,200.45185303440834,617.4695494095637,330.37762268670474,701.6866472538028
201,905,190.44774539828177,612.9664039845062,333.11510831025237,700.5325488108793
202,905,187.44101962537465,611.2512597061633,335.31172505044526,699.6772560112041
204,910,188.27047332781456,613.5428725800551,340.0104106519208,697.6154550314637
205,910,188.67750667988656,612.9922027920619,339.4804096946701,697.2835041376378
211,910,186.83528427606572,608.7087863145234,339.8497752590064,696.7363861596073
212,910,208.8775577666162,610.1018518233573,343.89438974604286,695.3735644753899
213,910,198.63458190718785,610.1923397147632,338.50831962094964,696.4043213844952
214,910,193.9622522531576,608.4039422075327,337.1733824338182,696.3276599085661
215,910,191.6171885394724,613.0916664643511,336.35275866200493,698.2341384287869
216,910,191.19174646752933,618.4872093694839,336.6012058057298,699.2265493929913
217,910,190.6514634152757,624.9541995638368,336.115546106428,699.9602430792451
203,911,188.49999239314934,612.1828122204303,339.68175708560113,697.3246048922182
206,912,188.6390991846745,620.3155816172238,337.90929376154315,697.1119042176957
207,912,188.55743971178134,620.3312576805694,336.8036603984223,697.2431334388517
212,912,213.33211361355092,615.5006618867409,345.5867222208563,694.8460703661696
207,913,222.14787827692172,615.4638161654661,341.2283655805408,696.3716365974863
212,913,224.47767870634573,613.9472874899225,340.03440287842784,695.9638413975247
228,920,1403.7399613105658,651.4768071672663,1673.945454394749,892.7707959689731
226,929,188.13625470807912,589.6298265036961,250.27404169661125,695.7303505733622
227,929,187.96832024686887,589.7832960931026,249.93501865693344,695.4733687830666
228,929,188.62987762352944,593.5556156790522,249.69322662733302,696.4913414496332
229,929,188.27418994167164,591.1792295317176,250.15151923478766,695.478976461341
230,929,188.7742593853014,590.6121438988076,250.842518348673,695.4815449879258
233,929,188.22742963133715,592.3349714608515,250.13281617756303,696.1637522245338
240,929,188.8494562668202,601.2908131112383,252.10585558611342,698.3254317307776
242,929,188.1127328724833,596.7929615402193,252.95223484166146,695.9965226976099
244,929,187.56256966806373,596.7215612711711,252.9467993139361,695.5598981932974
245,929,187.89507680465442,596.9233549403435,253.91152929017028,695.7448351525483
249,929,188.87805673827773,592.6718813976942,255.41554857221035,694.3538363636968
250,929,188.09516817050996,595.6272579127823,254.17811665125674,695.7201088815765
251,929,188.14463113959056,595.6984601711866,253.76739378491538,695.5778495538469
256,929,187.69679317142828,596.0101377291854,253.21773280697477,695.5751720400834
260,929,188.03015319989942,594.8549698916419,253.37244228100298,695.1170038744743
261,929,188.3195121094584,593.6317594309506,254.64960616186823,695.0127095420506
262,929,188.91370043260565,595.8201480188189,255.22012836699633,695.9109097175989
263,929,188.37329806705432,599.1019008042332,254.30289297268556,697.0312030463191
269,929,188.07743243562706,606.1139802268585,253.84928755199385,699.0853481934566
270,929,187.8269825173505,601.7849143253752,253.69948504014903,696.1801725558369
271,929,187.76387224706303,598.4622486641376,254.16608445409776,694.8309411885687
272,929,188.08945538376764,596.3586856657377,254.76799080874042,694.0307409402682
273,929,188.09196598053202,595.8468717466523,255.27756038915308,694.4823189837851
274,929,187.47096928502944,594.2075995850803,254.33297225435896,693.7433443775806
275,929,187.72378061089498,593.1934958955411,254.75495594510434,694.2229204727411
277,929,187.27533455388115,603.9791118285132,254.10064522686443,699.0006883657409
314,929,194.0021694103908,605.6656279110973,285.04752380332695,703.8703160578295
317,929,191.11199577842135,606.4196309656901,294.0628675192107,705.5369158783789
319,929,188.14387303803562,603.7630247676317,298.88088736140895,705.1081197227069
322,929,186.47374804456933,608.6707093109566,302.4696037903739,706.4513886565695
323,929,185.35515665444555,611.9590091633429,303.9072742150154,707.3146918927519
324,929,183.58224937486764,609.0984103537148,304.5463825737253,705.4068512418803
326,929,183.00942122723745,607.0134612837826,305.5339801411834,704.0559375507758
328,929,182.52538820882165,609.696425930775,305.2111123818113,705.0808959937582
329,929,181.76087670101796,607.296145845501,305.4353077906549,704.4444540641654
330,929,182.1080635754069,613.9046803819709,306.1381043781897,706.5758008821641
333,929,181.02519539785658,606.0008599091964,306.7583110953062,702.9492847855793
334,929,180.79154107760348,606.1471034553275,306.49235915658045,703.5034351628314
337,929,181.5324021225697,606.3982208939607,307.4220881330763,704.1585317162902
339,929,181.56075516116073,604.7016942980957,307.15061202742567,703.463214122485
341,929,181.53339777890946,603.013330727334,306.79552468448526,702.985378412852
342,929,183.17188297992138,600.400554587409,311.6642165918664,702.3411593865776
343,929,183.13001573658045,600.2824714119611,313.7510231700891,703.3508204626294
344,929,184.07681710048467,599.7872494962671,316.15902978245305,703.7347902515648
345,929,183.6380022932409,601.2647845976219,316.7451047620451,704.9243029029183
346,929,182.95919914383362,598.7532160445043,317.1505272132679,704.1067946375789
347,929,181.772489851586,598.9190329147424,316.1246019518798,703.9346512825274
348,929,181.9002784949291,604.0605642991394,316.99424220023604,706.2059928208404
349,929,181.87597932298212,605.7551550671944,316.6326472429746,706.4112983109374
350,929,181.7853564466917,604.0010223355604,317.1599158389645,705.1243023431765
351,929,181.63747811502833,604.7023900417487,317.3052355253674,705.3473537462385
355,929,181.724955155364,622.5591140507439,317.44222524253087,712.1079701871189
356,929,184.23373989459452,628.4801364685203,317.3172561514344,711.589310966397
357,929,171.54269885155674,631.130545126975,281.4077120332428,710.6859867378048
358,929,168.54994345633207,633.3569685182877,263.114330312514,709.6619104262656
228,931,425.8253661556006,669.3324791931707,565.291230150146,966.0613086313131
229,931,416.52910584554905,659.739463325996,566.0294727960909,969.2682060602008
230,931,426.89629468636525,662.0251561158672,575.5774076670845,968.2949801298909
235,933,1300.5008335177802,709.4599715528915,1414.4147087372755,953.7775621322722
235,934,1331.8801293332417,712.4672333983503,1398.7608337010583,944.9694936217547
250,936,825.1019029518029,592.1642997677849,893.0021185801406,720.5727989903559
252,938,415.4571628813944,585.6649256130877,546.9991083159698,696.925924796846
260,940,612.4227981365376,608.1227126253347,663.5884282395342,680.81779654675
276,943,187.5086073272675,628.0549111220702,254.17432064692917,695.6872892829739
277,943,185.96041542187953,630.9080577831958,251.18956312052285,695.7726937009049
337,949,-1.151956860511092,617.9326127015585,172.4359212294183,831.2618444534124
344,951,1097.7527523809977,599.8976666975863,1182.3651983017749,714.1863318652341
343,952,181.9399405336257,601.9094270917026,234.83014288580222,701.7759827833906
348,952,186.2596035274728,609.6201139380777,255.68758468037066,707.7426582342258
351,952,180.8286025330438,611.9650973642387,239.8801944278453,703.6009327854925
355,952,199.92248543424236,628.9025628894321,292.951315771012,709.0412906132797
359,952,193.56899801355104,628.3043791168242,304.7101446955223,707.6380877383612
360,952,188.8771349303463,628.8134684793451,306.35556171712284,706.7373190055005
361,952,188.24876435429093,620.8586057164127,311.2286579757678,703.9556724923045
362,952,219.7798727957366,615.1047145159498,324.8942447082665,697.4656531207943
363,952,201.70459007516922,614.0499422293083,314.1387153480558,700.2227546544611
364,952,193.32408179855082,621.0834947439145,309.57528071624813,704.213230859304
365,952,189.38242665326706,625.0582633628137,308.24957926084375,705.6273728333258
366,952,187.72305824958883,624.9995635401588,308.72365763795534,704.9120100410069
367,952,186.30874554962395,626.7178178361424,308.5508172775116,705.3088309967158
368,952,185.66486803670807,628.4557169018943,308.6862333271486,705.4409882889414
369,952,185.15378081801475,628.6622939139819,308.5561163385333,704.9830829067199
370,952,184.91477576520288,628.6788111238055,309.2031980815059,704.6601862252579
371,952,184.40263032591432,627.0782847266628,308.7431104315646,703.5515130569393
372,952,185.3078912651536,621.4794190783457,311.5247923176247,701.2918883433897
373,952,184.89729810212827,618.9137448773653,312.2477613900743,701.2035722922222
374,952,184.59693247487235,617.0149037549276,313.0300198948537,701.4454084661319
375,952,183.4628925484472,622.2602826788559,310.83961033042067,703.9737082150959
376,952,184.32926993837486,626.2510570643756,312.70665607375315,705.2449275698414
377,952,185.8006841683291,626.5694938118311,316.79075669506693,704.7402018779599
347,953,91.25521779249807,615.8081245065969,130.11332901784343,692.8949838934113
349,953,90.97834822328021,611.4009006599757,130.70552571789108,692.2652814779573
343,954,264.7272019630821,610.1407485721654,315.8651782329288,701.4603876510366
349,955,1652.37833083398,731.437267295847,1923.4714252051965,1014.5021014005499
355,957,1039.392558608666,616.8097658109494,1145.733689898161,759.7162148479068
359,957,990.4052252851666,612.1664546522884,1083.635084504403,754.3143705460243
376,975,939.1351395721633,606.1814854180226,1036.7351327697277,762.5169621138845
378,976,0.25724831906560297,619.9174438029996,34.53296785376597,686.9949493176147
380,976,0.39058212281977234,617.880544434363,36.49626109812921,686.8852101240104
381,976,-0.12315899821943788,614.8773591809379,36.03421574313201,685.9314807027008
382,976,-0.4105524031589489,614.236773669297,35.30456244720749,686.0312826089246
384,976,-0.362489692814826,616.83663845593,34.77970055528589,686.8235250432391
386,976,-0.3484744837466316,617.3715773841756,34.26462923725248,686.4122346378746
396,976,0.6811733109007605,620.0141003718189,37.42376015048268,687.5236942717871
399,976,0.4592670318585199,619.2279157653828,38.02414069403429,687.2537419957056
381,979,823.4328267171302,577.3443627130864,899.3204892248818,644.3677882751681
382,979,824.6998665847066,581.0052833411411,903.4308288043346,665.5280134400199
386,979,858.3264067363942,583.9421661315199,938.1647620476734,671.445252198015
386,982,-0.09446816063886132,620.3560707921356,35.427855254697874,686.1618505501667
390,985,359.5311413986241,628.992067719705,412.7578921139441,681.0452920871986
396,990,96.09215246984797,633.1965831616353,387.259055437048,846.0312773352118
401,992,204.39444265272758,612.5860096038557,240.86760799110831,680.1809991910438
402,992,204.59551762304434,612.9425270755036,240.64222688440313,679.5736641939756
403,992,204.06342140117454,613.0100986187416,240.3372583686603,679.7305422165988
404,992,204.48205547596135,612.515489860385,240.8198011663026,679.3035258996223
405,992,203.4400197767174,612.6140676505338,240.26711311499378,679.4034948572985
406,992,203.80314903608905,612.9616087489773,240.2523127410647,679.318986848776
407,992,203.00641976711555,613.1366927126327,239.92860760097048,679.4340716553298
408,992,202.5758329720275,612.5588649936733,240.359448763719,679.4363596552907
409,992,203.2085588210514,611.094127514419,240.7479714950679,679.0655331282102
410,992,203.30001918177007,610.6497607216575,241.22578004188128,679.17214518387
411,992,199.93719232605144,611.3234407343176,239.8694372003198,679.7302175196984
412,992,200.28547444239413,611.873399705762,240.42178953194846,679.9559952073591
413,992,201.48945073301368,611.4158432293193,240.83802061847737,679.3865347119709
414,992,200.91040970313557,611.1435503536496,240.39228259358717,679.3859198204885
415,992,201.2778360796637,611.3339305486503,240.39667278960826,679.3898671271867
416,992,201.61746321534662,611.9597447238431,240.30572189268673,679.5994388675971
417,992,200.3654458230077,611.3560599255081,240.15871561317806,679.4964013096369
421,992,201.25856353274577,611.9525675111797,240.86080476118826,679.7026618160205
423,992,200.75862531278847,612.621037003343,240.870551557052,679.9562076046607
402,995,1345.1703920234843,605.288515802338,1429.5489967973333,724.7410920825068
403,995,1339.233759776962,612.1256839472525,1428.4499954384228,730.5637263249888
404,995,1345.4478862514327,625.043757243569,1425.8903576509485,730.9348489191043
405,995,1344.9378755348976,611.8399722671878,1427.0965609011441,725.8527125228462
406,995,1346.8574895039426,607.511604519836,1426.6837184055823,724.4819220608504
407,995,1350.3351369232246,606.0252818822435,1426.3695040506423,724.2603288738057
408,995,1350.5822209076812,613.2476083824081,1423.33987312575,727.6019193935972
410,995,1350.0172726281637,606.9155798996811,1422.7929747594173,724.6482808539298
411,995,1342.3256838693867,610.1970195911192,1417.6709272188598,727.5636079552974
412,995,1342.1375085300433,611.7368725473076,1416.6828919319696,728.1288948988939
413,995,1344.7630505035809,608.6041177910048,1421.637622608559,727.7992978421825
414,995,1343.4289920993147,602.0996375460129,1423.244441679572,726.2018922580291
415,995,1350.7560936206805,604.2389848239891,1426.467356543525,727.7713384138481
416,995,1351.5503295439912,603.7344140603689,1424.9143394372727,727.4241111217841
418,995,1355.5689020346733,598.1402156209404,1428.075710021539,724.2453219419972
419,995,1350.6838731652438,604.3391607604243,1422.4155314016134,727.1671200848426
420,995,1332.901803782225,594.240423255818,1416.343463557794,724.4239289506637
421,995,1333.2389728544038,595.6618209709034,1418.472960397057,726.3996210051453
423,995,1331.7912350053848,597.343134671963,1419.507881736488,728.5406207467582
424,995,1333.7307334424129,596.630496417555,1420.6859740488956,728.3516221563563
425,995,1338.3784205942222,595.7057521871291,1420.9315731144459,726.5120520893474
407,998,1192.8371379252526,581.6356769123897,1350.133281663756,703.4514345077757
408,998,1196.5930472685618,583.1978425529679,1350.6788896284447,702.2953615703349
409,998,1195.6445823986282,582.0075717748866,1348.4463089260098,699.9615331681184
414,998,1223.249990179843,586.2924854570289,1348.9854086089892,696.0664583698878
419,998,1205.1900068720959,580.5126643264708,1345.2421210226992,696.4346310370569
409,999,1337.9198775764528,596.9815772516073,1425.8837651398178,723.0934493220437
410,999,1328.0364334501023,592.6540556462455,1423.1546053608881,725.8615228729177
415,999,1332.9728834300336,607.2234156009021,1422.078505226198,731.2934801435237
416,999,1333.9859403252053,603.0193757382283,1422.5425536341,729.0648307726615
419,999,1341.8921503132328,616.0006706677246,1422.614867112759,732.1292241613043
420,999,1321.0358097751848,598.4874062808813,1416.5380288685417,727.208189541077
426,999,1306.5583784498551,590.6528268888394,1413.535472870736,725.3132609069723
427,999,1301.9082402431945,592.5891529113106,1412.5556444225117,723.1186442346196
428,999,1298.7716639226808,590.4156762395887,1413.525560699716,722.1333303586187
419,1000,1346.063870395442,610.6106256442129,1420.324447168686,728.0615233705598
420,1000,1334.2035632789575,597.0384837318319,1416.5419325373828,726.179075870699
418,1001,1329.1976635556853,597.3150089657753,1417.3899559507395,727.2400202627381
419,1001,1340.4407841397938,611.2038937035519,1417.9115907832288,730.1062272615571
418,1002,1347.626714539845,606.607030218697,1415.3850505543958,725.491838443942
419,1002,1348.1332964935568,613.5364348504286,1415.2971402874327,728.040319998614
419,1003,1349.1146677130887,607.337384344778,1415.2115159777613,730.2584123712631
420,1003,1347.9972475129653,603.0857610495563,1414.4977548654506,728.3320999895183
421,1003,1354.0709031602844,602.1396099057764,1417.9325668884378,727.2583950170166
422,1003,1349.2736325180563,599.4647993863937,1419.1579487546,728.2161285843563
423,1003,1354.4299655920577,599.898544317015,1421.3477389096474,727.8429454140091
426,1003,1351.929597981328,597.41120569017,1418.031877235114,725.9390771899062
429,1003,1375.9437889707872,600.1840038264586,1461.508580420965,727.0688754024281
430,1003,1356.644382755918,600.3682871347851,1464.9530619392888,725.8007841104265
431,1003,1343.2397369751286,601.5230361147808,1466.641005103412,725.9714338713823
432,1003,1338.921770206946,601.8372842204564,1470.2185456643015,725.5909840162343
433,1003,1355.0233862348027,602.9630530612941,1478.9932590537492,725.1311882226875
434,1003,1362.1839044023304,603.5570366549456,1481.474076473955,724.5701986795692
435,1003,1368.5624505267258,603.931612907093,1482.597582491346,724.1388845420067
436,1003,1373.2272506650245,606.1122803973223,1482.1815062946778,724.5525531204947
437,1003,1363.686305597367,604.8371489168493,1477.0151614575732,723.8657188778778
438,1003,1368.1759631903346,604.9093863158367,1479.340981964258,723.4117443404692
439,1003,1371.4568994846693,605.8279498566968,1480.1200550688761,723.470790574041
440,1003,1373.2570614650592,605.9618303596257,1479.7524386359053,723.1761541160735
441,1003,1375.6159543141887,606.4257149020322,1480.0596786429985,723.1032254096791
442,1003,1374.6956229252523,607.025682462268,1478.3228863075383,723.1923704388754
443,1003,1356.1731710981142,606.1702569395629,1470.598013650823,722.4386565756558
444,1003,1363.6746872440856,606.4582191160512,1475.4420658986508,722.6702028052816
445,1003,1366.721179558206,605.83466510801,1477.1161084831126,722.567431398539
446,1003,1361.7007675345017,604.9499437843745,1474.9089711471079,720.463334170267
447,1003,1366.2359881708376,606.695178430544,1476.7220048073668,722.0121730192479
448,1003,1374.1714814119987,604.7881661925524,1480.4210381904782,721.1214500983551
449,1003,1371.855501737237,605.1209922299016,1478.1217822485376,721.9580373982814
450,1003,1369.0858285859179,606.9267887690967,1475.908076738612,723.0561501974348
451,1003,1368.7584645427369,607.150182861678,1475.5576040777537,723.0397801627381
452,1003,1372.165041896038,606.2333655947352,1477.6318951054836,722.2437023673667
453,1003,1356.195949942214,605.2913781049373,1470.26218495832,721.7123178433902
454,1003,1351.6096587462275,605.9661142078041,1470.0948348475022,722.5784355830735
455,1003,1362.0957901424927,605.8610839686846,1476.2460482975043,722.6122307987173
456,1003,1376.1814424111815,610.0220307194913,1481.0491129996656,724.8443057649176
459,1003,1373.6675465672106,607.4210446434963,1479.0100610842624,722.8428265430573
461,1003,1369.6237428769825,605.7937942067331,1477.0137384461416,722.4351459661386
462,1003,1357.2153477535144,604.9661887287921,1472.4832910713108,722.3057100423134
463,1003,1354.2868407352844,605.1787199516559,1472.3562803177579,721.7913065012904
464,1003,1313.4881364970931,603.6732114470996,1458.1340638245858,722.3820517540465
469,1003,1360.3425154578408,607.434046193842,1484.3085851183941,723.8049713507401
470,1003,1368.8527566019059,607.2506937938192,1483.4880737989758,722.4667480696417
471,1003,1340.7166261543518,605.628353878974,1470.9946067080234,721.1756181186257
477,1003,1326.1222575744669,603.8070676675135,1469.743215282228,722.0460309638844
479,1003,1356.7827792783523,604.308474215177,1483.6904501879644,721.1859874256382
480,1003,1296.4403156423073,599.6363789938864,1458.0780400574645,718.4319869776309
483,1003,1300.1342088355207,601.0431850848419,1451.353953460977,716.7550697812309
485,1003,1304.3225872509481,603.3792201649231,1448.0974072716306,716.0306638375556
486,1003,1312.1382746172926,605.3533697891417,1462.815241177752,718.2564375508159
487,1003,1347.54831348603,607.0067308130087,1482.3761602525624,719.9365700939272
488,1003,1339.467655790348,606.0780610337254,1477.8934683767375,720.1934205655969
490,1003,1289.8761606592743,604.2903956829896,1455.792275966472,721.4530282170281
491,1003,1325.976280295416,614.2239994007494,1478.8199723166454,726.7884419077672
494,1003,1316.512828650795,605.5111224458406,1474.50366893269,717.881297543782
495,1003,1317.2353192434914,606.1888298914407,1476.1079596470024,719.1331774137568
496,1003,1313.4951437041823,606.305519149887,1474.9748098654622,720.6832699328825
497,1003,1307.1244322698844,604.8124754633176,1472.400607447376,720.0067884590832
498,1003,1298.6461018531757,608.2603914520597,1461.2467360547123,722.4808541782019
499,1003,1294.831731201109,609.060305035421,1465.2262347625042,723.4514967569372
500,1003,1293.5512949505028,617.3664574097252,1468.9061823091552,726.722799117365
501,1003,1294.2762526551637,612.6053277404848,1469.31364297428,722.6645359717578
503,1003,1267.3176925134346,600.8959086676169,1437.6304706082758,716.597618655206
504,1003,1260.411877911966,593.178050073506,1428.2972769966088,714.4350677975194
419,1004,1345.6570659347447,612.950477489909,1419.9849278126924,725.7067683608261
422,1005,1200.1593875069452,576.9892226492735,1346.9395883416028,704.2033848502368
427,1005,1190.1658204751068,591.1412183363867,1321.3440227167464,699.1235072237683
428,1005,1200.6079829953753,588.728899623447,1379.4979974930282,714.9217858250186
429,1005,1211.6596418076028,591.8401098911706,1433.097644229143,724.6031021423753
430,1005,1231.8184161080312,597.3728207985993,1461.6729273534193,729.4774042815669
432,1005,1230.2522443020646,600.6087510553233,1474.1312611246515,734.3495921408468
433,1005,1218.6803512007298,595.8269248573336,1474.601271149574,732.1324415911627
435,1005,1208.0735120887884,594.8612556327606,1476.3159763495623,730.0921412857077
445,1008,1276.622222876273,595.2536762305832,1336.982805289147,696.6501362342539
446,1008,1275.8289830758267,595.7669740755596,1335.7335155111764,697.3130877188285
447,1008,1274.3308156528922,593.6025577626771,1335.1205377265662,697.5431109489238
448,1008,1276.2590209349735,595.5849491289122,1335.5889210619005,697.9108715772308
449,1008,1250.810361809322,587.5457725435247,1325.8833821318287,699.8432406808479
450,1008,1236.4715249118497,584.6476073212552,1323.3805828201014,700.6355273858742
453,1008,1238.6088773534689,584.1723011710974,1331.6978501762628,703.0681318274992
460,1008,1241.4072565429772,582.6740459591817,1338.2144340124403,709.9519840121877
465,1008,1206.0113851252538,578.3540288291559,1329.9563748521452,702.0594304619725
466,1008,1207.849066909337,587.3679278741549,1332.1031292401478,700.5746362801681
468,1008,1212.4340522661003,584.4530886907246,1334.8964083696794,698.7115205239888
445,1009,1254.7432261955082,593.8962400774274,1338.3196727764089,691.9279556716094
448,1015,897.2227636392753,615.464860663208,985.694816904697,726.8841634643819
449,1017,1320.4907861155332,600.9377235512065,1471.7106756825553,720.84996279866
450,1017,1313.3367243687378,603.1642704103215,1471.1754799820544,721.2623310008266
451,1017,1229.1006394649407,593.7665946231671,1452.5347518018475,728.9813189329461
454,1023,1365.9986300411106,620.8305621011348,1492.5606394350389,705.9146247024369
452,1024,1325.4187595086091,603.0590238400302,1470.3527612119365,720.0523077780924
460,1025,1253.318326764291,582.547811302003,1337.5577875603697,705.0822100096701
460,1026,1245.4688604839653,581.7444699142497,1337.2999239154128,706.657612792907
465,1026,1242.3854156637296,582.3187349078264,1332.875137874317,699.1835514397185
466,1026,1240.0069030450004,583.6115723631115,1331.7795628245062,697.8719466812572
467,1026,1239.3171091123463,584.3343568297579,1331.9578107647308,697.7066667540331
469,1026,1265.4215517254224,594.1069263338335,1411.035142702778,713.360330133649
472,1026,1260.6553213068892,596.2093861467932,1446.9582848130249,718.7785325872873
476,1026,1256.778528183024,599.4990145022896,1464.8197855257579,723.1699800930699
478,1026,1248.6416826918555,601.1236041505098,1472.5685473559886,724.500918817584
480,1026,1244.6007866860846,599.1799298661886,1474.9468103072031,722.3347646597351
483,1026,1264.2811461704794,601.9040099365545,1485.109190535499,722.78486607595
484,1026,1256.7193659730865,602.6138653917462,1481.930452633756,722.6825129956719
485,1026,1237.942218708905,601.7766580384325,1474.1761916193188,723.0564210827249
490,1026,1230.4418021211156,600.172175123753,1473.3368616151404,725.4200700469723
492,1026,1239.8037322604443,605.5531473537515,1432.9997381435207,723.7264551679013
493,1026,1260.7922307218214,605.0692517037135,1460.2598688874355,723.672294023994
495,1026,1207.9361038342975,600.6949551821673,1445.6418898378136,722.3041435559677
496,1026,1255.5785231760353,604.1017705599334,1470.7966809517313,722.4135024024765
501,1026,1334.3332747107486,606.4078309848154,1502.8373180398846,723.4467248147697
454,1027,1271.4777946290817,589.2667594614226,1335.5050814372169,699.2305635263828
460,1027,1276.110394026229,582.7234714144129,1338.783595360893,701.4655103391858
460,1028,1271.9375333140886,583.92660360674,1335.9955339481683,701.6957803704897
460,1030,1337.7596677555262,607.3385806441494,1476.4085693979755,719.1002877028478
464,1030,1368.1905258589131,613.6038526936957,1479.3459535504694,717.1229573919745
465,1030,1354.1658649670069,609.7586417208954,1475.0633557190183,718.4696556110034
466,1030,1350.5864446198698,609.1053799758392,1473.1231221804233,719.1452070476782
467,1030,1345.7467172993072,608.678517313984,1470.906590053877,718.5633061539766
468,1030,1344.9241283548793,607.860412655626,1469.6160791768486,717.8501592864169
469,1030,1364.5284213012399,609.2646351342767,1478.983906614859,717.4199159162579
470,1030,1372.6014998491987,609.3598701793675,1480.864643265576,717.0531537702751
472,1032,948.3403980488582,589.4323665519248,1001.4386403025218,677.6864921389049
475,1033,904.6550422073879,592.757444819928,965.1654916040916,691.253649876357
477,1034,1165.425342867086,630.7883372836727,1345.5263134710133,831.7084518251659
486,1039,945.561225169151,595.9972197950846,1029.6411942551483,744.4138732507112
490,1040,828.5145294768664,587.5705619312554,888.0861664859307,682.6082975479757
497,1048,1380.2114200100912,606.7922615293925,1475.001586832869,721.9758327425885
501,1048,1377.9634505975512,607.5361575746027,1474.9441970155683,722.4886434377896
502,1050,779.6279602001604,581.4611558392326,851.4881746730119,705.1365544217235
502,1053,888.8158384069864,583.6085824484694,936.9778056489679,673.0871670261606
503,1054,1134.130655383689,619.8354864320047,1264.9518778158103,740.7672110240421
503,1055,1006.3785869020477,589.8962575769372,1096.8453675769485,685.9993581116394
502,1057,1372.868181823539,607.0371027520656,1476.8623953656697,721.1143869812505
504,1058,833.9351777810197,560.5156309032809,939.7808539279337,683.2407093076672
504,1060,1135.7636378927987,604.724972052943,1268.2279540328282,736.2309441837547
513,1064,1108.0444600356811,594.9273781838759,1211.302443191427,710.139389013491
517,1064,1083.4381826106894,586.2532195781871,1208.5999797261545,703.7847234629555
516,1069,1458.8093817198346,621.1465394014111,1601.468340827029,786.055954984551
519,1072,1525.6069974110999,680.4651880628062,1723.0148678739954,866.3282623418743
524,1075,726.8050475359737,592.9340111491821,795.8612157527625,660.4388272772529
530,1076,955.7491051719146,611.5974067371818,1053.730149820867,766.3516202856905
532,1077,1051.4752900240605,610.799306644669,1169.535688422547,814.3973917172679
543,1084,1391.055002386324,633.2380742764672,1585.2694196615655,841.5953555125488
544,1084,1353.5637458818012,644.9575322394346,1542.8295067885163,862.3569866907835
545,1084,1327.8884787600782,604.8072482145957,1499.2731415766239,792.6032786390571
547,1084,1321.9374000495552,601.3209605913873,1466.8405187440023,767.0293451941345
541,1085,1727.9415952710951,722.1721124988592,1918.102327901171,953.8408626379178
542,1085,1779.9132027920587,706.8462135581382,1929.4433950402995,921.0157068501377
546,1089,1014.1015843359431,586.7310886918616,1079.7015751691247,672.8076743569742
558,1096,1330.219738781244,615.6958666477967,1503.3965445181525,820.5832210604788
564,1096,1385.118213240208,615.7742445069675,1558.4995752978414,816.8558092069634
570,1100,1457.0408322278836,670.6331925462581,1748.0840234871866,960.0962377696277
574,1101,893.013352398582,597.312692642925,966.519943171416,722.4175278513862
573,1104,965.1717744375408,628.7105328594796,1074.3742723039693,803.6854253195215
578,1107,1146.3595555878912,602.9536181477362,1229.2048130675428,732.079242892726
581,1113,166.75895157958635,586.2667643962811,323.9716797545485,694.8244336002051
582,1113,160.19461070692356,589.5828830939759,313.892273655238,695.4849595976875
583,1113,156.42589649677723,587.6085351203255,303.7214020426355,694.1531900587825
581,1114,-0.6317350066688618,604.0712444874919,109.14840075567959,688.749574228779
583,1114,-0.4653929095550495,604.352891807172,108.06264895926554,688.9606796214946
584,1114,-0.22278367382634912,605.0438231199679,107.53565688511526,689.1747345811772
585,1114,-0.1021392730901951,605.4929135712858,106.90449206006144,688.993256401623
586,1114,-0.06240168433771487,604.5363819061946,107.21686160123338,688.6811159953387
587,1114,0.2780598796358902,604.8028743641963,108.15906873756327,689.1220406049159
588,1114,0.417158397579648,606.8569489753072,108.01156452851876,689.8848298782018
589,1114,0.21501530058574758,605.6415940735847,107.98217554349918,689.1351655547951
590,1114,0.13947739579548113,605.185962877299,107.82243706764747,688.8151997210413
591,1114,0.33013608677210016,607.3644491516549,107.79111822398175,689.5453805672211
592,1114,0.36128850103344234,606.6911601666415,108.04980953578979,689.0746328907743
593,1114,-0.005456631063189832,606.1882945641522,107.23166647442443,688.7696254122358
594,1114,0.27486768472346057,606.184906551414,107.70692929390283,688.867598848505
596,1114,0.35095832309734476,606.4181539824788,107.84124246843078,688.8279263574377
581,1115,-0.4922760327494231,608.6677484249045,67.21891462056698,687.2328798177863
582,1115,-0.03749398240717028,607.3435096638676,66.98525613620288,686.7861302479743
583,1115,0.22527708830411086,608.2277023304491,66.33872782408292,687.2230923965026
584,1115,0.5497750312777256,608.3440726724857,66.65966690380722,687.4967425419957
585,1115,0.9061786159993943,608.0725683269212,67.0240644194356,687.3455070050833
586,1115,0.7049534065870375,607.5655871259464,66.97847884925947,687.3653320014907
587,1115,0.5043653191129351,607.8899174291247,66.45256185610467,687.645624266875
588,1115,0.7434706242905733,608.9546493524008,66.55499943634933,688.180465171514
589,1115,0.6605991872391144,608.4644085255073,66.41272020212892,687.7569957866982
590,1115,0.7271367606294916,608.1492771623788,66.44397195032239,687.5452967333136
591,1115,0.7268574339011735,609.6235039730018,65.80929062397843,688.003147407235
592,1115,0.7492758062370584,609.1531207503116,65.78666453660765,687.6926740165007
593,1115,0.6018766827103619,608.8551993543986,65.42611228941644,687.5067697647926
594,1115,0.7034922733731079,608.9843100425543,65.5202858559735,687.7068131399905
595,1115,0.015295127231922834,595.1307519663957,66.41524944494948,682.0158302111064
596,1115,0.16928217520654698,602.793450859942,66.20756761501207,687.0714212236327
598,1115,0.47068033541454923,604.8283033585892,66.31093554104785,688.0271723577687
582,1116,295.7640573839107,594.2087376610342,498.1698181294137,720.005852365114
583,1116,263.14533495043713,588.0002288665595,464.78331918919685,718.3539050939202
584,1116,257.9867484573835,589.5462142290241,458.5177326793542,720.0026561726299
585,1116,258.9954435548815,591.5730203846948,457.8974865630353,721.5559716737333
586,1116,261.5910192051488,590.3670873273143,459.9179279470173,721.2382602942105
587,1116,261.82311959425965,592.7202321439147,459.527094753004,722.5587596295475
588,1116,266.29347300702136,590.8145689007704,461.7126825287362,721.3095906427961
589,1116,263.11515413057003,590.3985900187826,459.26917067272535,721.5107529367359
590,1116,263.2030586776155,590.9378765150848,458.11206057709575,721.8604961670483
591,1116,264.09781983803333,590.8322132568043,458.86866032787356,722.157088569936
592,1116,281.88663062260594,591.2787067662841,471.5890912372413,720.9635521308855
593,1116,282.7643813269473,591.0369855038317,466.13018057359227,719.248388806706
594,1116,284.4709399535548,590.8475645857243,464.2810033630324,718.4431607397837
595,1116,286.54272951257207,591.8182812170027,463.757037606692,718.4576029475478
596,1116,290.7787447048982,594.4896544210867,465.9970638043092,719.2548491807161
584,1120,162.33491320069666,590.282390277499,272.57750488588067,697.8540029719884
585,1120,165.4813512252619,591.2404678567334,279.3208543226402,698.2372003449952
587,1121,166.22191449171805,587.521342959157,328.6348322832648,698.0359436151341
588,1121,165.25652961201695,586.8870088911676,325.0056029506198,697.212637966076
589,1121,163.8921253581131,589.4029765239162,321.1434806449917,698.3218247238309
590,1121,159.37701587362258,591.0072878960113,305.6309970124104,697.7148226550448
591,1121,163.13741755544262,592.6995252631266,307.6826333112458,697.6766935480891
592,1121,167.46395056113346,590.5316526108377,317.1389916378633,695.8339806102435
593,1121,167.49425490376268,590.8623152177386,320.02930375625675,696.2649366917867
594,1121,167.2477730139707,589.5545465149979,323.11375511676414,695.9028058741402
595,1121,163.1491304241149,592.4906416216594,318.0754470451082,697.2584640139343
596,1121,164.2621440264095,594.3595972826329,316.81984122535505,697.2635671556309
597,1121,191.15294501470703,598.8695945726338,340.45686951739947,705.4489578214316
598,1121,202.0208755897417,616.7356806651859,337.4096757078549,727.5872062705972
584,1122,0.4801470673551407,606.2599846718653,72.20483284045301,689.1234526276918
584,1123,0.4929901898924385,608.3700585619603,67.96088832293013,688.4267859326541
587,1125,164.28595939624392,584.531338372552,274.5206071176734,695.8318045222079
588,1125,164.71342552880455,584.3873134994031,274.431288236339,695.5894681546857
591,1125,165.22231506612405,587.9819340271403,274.3519212953022,696.882730030262
597,1125,183.41209437255503,584.9324400112083,332.82941115034856,707.8338462263845
598,1125,143.89874704951887,582.1969080058404,315.4313256845088,711.6872006440622
584,1126,160.97189445110496,589.975817747456,316.65489761076213,698.4043016037074
586,1126,162.33854971748906,592.7441900711839,306.9782072781211,696.9142761895167
591,1126,159.297406113698,596.8176202656629,273.0795622705074,691.2635045425487
592,1127,-0.012747000433520839,609.7039328840139,67.29014436003693,687.5021178592445
596,1127,0.37689689586639474,609.6053143572101,65.31894492947636,686.8466304332014
596,1128,-0.3601356831417917,608.5675200427553,67.27655288475447,687.3249964726493
599,1129,767.373673517211,563.673104463423,819.7123360928708,649.4114160211259
599,1130,904.5183929878112,629.8578684410219,1031.6950552438414,806.9381590964446
615,1138,1582.229426871614,646.1643654029189,1839.6255316020458,872.7589829694151
621,1138,1663.5832266369991,675.5912009379463,1912.5940904545685,919.8032045157661
622,1139,1225.0459816537193,590.9452117157243,1354.2930699773722,722.5044747613479
622,1140,1420.3425790397314,702.9341224725451,1592.1779927848465,847.8042759164337
622,1142,838.7162026574606,622.1425071095201,958.8726917213296,756.4792399730885
625,1143,1570.7329107505868,637.7329765013316,1800.767198394664,827.3234075261229
624,1147,265.44453426682975,585.8531328821329,435.87457610364316,691.341113550956
624,1152,4.635545570308693,611.9056538113208,81.8184351792201,704.2212823784351
642,1156,1240.0223335123487,606.0448936476467,1381.0702846341583,756.2017725195332
639,1158,970.259569670634,596.474823356886,1040.7306434143238,681.4490682118344
646,1163,888.1767825969124,589.1396961606548,966.1538108055926,712.6481650713357
651,1164,1712.0111531152556,630.1352993844945,1914.622024706799,844.8189058313743
649,1165,1226.349404003579,636.9389607711389,1426.6682465000408,935.2694148082805
650,1166,986.1106613854532,604.309828183458,1052.611176295261,740.3162985243296
652,1166,964.4207374909887,592.6325592764364,1047.2642867855463,742.5944849807089
659,1167,1029.7549191777173,597.1880760176974,1091.6867886913867,684.5161726056732
663,1167,1051.3460542267235,592.0101084787747,1151.811563578804,700.8923508260895
666,1167,1057.490922844753,618.9022943459958,1180.185684534925,744.252914892549
669,1167,1025.7420100336412,646.1735355577498,1192.2603072047805,845.4456794524503
672,1167,1064.6373731517483,640.3127743078202,1254.8359055068513,867.2387632753558
657,1168,1111.5241526216835,613.2600892246758,1246.2091796186717,770.3107992840019
661,1173,1480.1127285418222,710.9839074782716,1723.8597449548408,974.1912653970068
669,1178,1127.108197021512,600.4062208688837,1282.090324035794,772.993691728812
671,1178,1168.9310261077771,606.3676706597632,1307.2271747271834,755.3418467695706
667,1179,1619.5856137921376,651.8610254086572,1836.8042702267596,850.1089893364023
675,1183,901.8377311091202,613.3385033266708,949.1339456558684,727.4409970373507
681,1190,923.5375701458312,586.4888659961039,986.8100264401063,703.7709484147538
684,1195,662.3136231859625,563.8509446437877,695.5773104646529,640.590763325448
685,1196,740.4491336561009,596.5906308592341,810.5590346364304,737.1179910052219
688,1197,814.9505203220913,594.2974980259173,861.0690087636008,701.2564815618896
689,1199,1383.7118230496962,695.7369421250438,1637.174671573102,954.5011449524217
697,1204,1632.3323422492385,650.576518964152,1900.5728363028156,893.7443166048829
700,1210,1041.0678218460603,594.9206636488211,1129.1087253473825,725.3628961780023
701,1210,1034.2184567783859,597.7929044602197,1111.9690816715008,713.5921572106658
701,1211,1040.2142073857033,601.558662419442,1134.5022039558141,708.8162146436814
706,1213,1437.0837100568597,637.8110451744944,1602.1503540350386,794.5333724544898
703,1216,902.7604977774254,594.5434417677767,953.5907022885458,664.627842402601
703,1218,1126.994848985081,600.5197873695346,1211.7938315635927,708.3842691566769
703,1219,1130.6527008567816,591.5341519348057,1238.9124322871564,707.9807109792092
707,1220,1095.8134525302125,592.7901597534014,1166.7279039415935,690.6433611929101
708,1222,736.1693298161535,597.9857136549365,800.229990699074,710.363351379043
710,1222,729.4825651529785,595.8825486707154,778.6449094976534,684.852179481123
715,1223,1019.1620724864997,619.2415169798368,1200.614171897318,847.9284888078001
720,1223,1080.836092252233,673.9156443233953,1252.7936698086537,939.4267859539716
717,1231,1401.1406049968994,678.7157587401895,1755.4133894626787,986.7218624644626
721,1234,912.6319951155823,622.3112088099706,993.2709114707033,766.0315819743805
728,1240,190.89945039169058,594.8137816914708,364.9473124203671,717.4842148848494
725,1241,381.512984625125,602.893110781035,578.7939664122922,736.7112194121374
730,1241,465.25759096427396,710.6860205296598,638.4080228698547,880.8096481591992
727,1243,566.426102144398,604.4481670483212,763.5933097082788,738.6680157140777
731,1245,921.9120623308822,593.7341734516576,995.079239945389,703.5199090651213
733,1245,932.5353847069031,605.8006413874549,1021.9215640856474,744.736188754253
735,1249,1584.9533604482006,624.3535526026425,1763.094855955929,798.1550570058847
730,1251,479.5710274372599,681.9507577406529,615.6221018092311,918.4459530167411
733,1257,0.8705367843830167,602.2849772321761,61.84432116766784,689.5940351465729
734,1257,0.8433736261312106,599.8690510004424,63.12505647161043,689.7570289498533
734,1258,287.05705418213415,591.945546857393,450.8616343492698,683.090172041403
735,1258,289.3174122938824,597.4241282236536,452.5855431437118,685.3432409024391
736,1258,305.5283336156253,598.5271070096591,465.8377544000138,686.1261269836954
737,1258,315.4669814795808,599.7735958809841,472.1285567641404,686.2206286083562
735,1261,1.3234561628447956,603.0074887226771,60.967153343776744,690.4490973584005
736,1262,1.1115889917135888,600.6650237216251,61.742357935463055,690.2357352697087
737,1262,1.3854669428932063,601.3390826683694,61.83321032534823,690.0960656166005
742,1262,1.5796370105056319,604.1978606872013,60.78164906095108,690.1687612087525
744,1262,1.4163816654291317,599.4698861099198,62.275578858423046,689.0098332811358
746,1262,1.7802939601219094,608.7088124287263,61.135231511044374,691.48739063831
747,1262,1.998517870997361,610.7351470216768,61.11310010260368,691.2783146240433
749,1262,2.2989451531785186,612.9822557995712,60.99788063408212,690.9940720650745
750,1262,1.9853474811980583,613.1388988603829,60.896966763414866,690.5675876261301
751,1262,1.9121518314934534,612.9922909101807,61.007831233801795,690.1798753118541
753,1262,2.044130091435992,607.8933215963416,62.5253262517373,688.1573107781662
741,1263,1029.120478377077,586.8891329042152,1103.8161732304354,685.2991448874067
739,1265,1023.3303306542555,625.8485435984311,1219.982456196348,918.1774125040018
745,1272,1286.826301384271,614.3550989847148,1433.592625376066,751.6332099936322
748,1273,1610.9643561481573,647.293234469073,1822.4019340275875,861.6466889876119
746,1277,232.098711275713,646.306024691396,333.39707396693234,687.1139878828703
751,1278,231.6806139088468,646.3508168057672,331.7597570063922,686.5633020707687
747,1281,785.3958784496557,614.3426489493586,841.2826319228583,727.0408316088349
750,1283,1.6861796320007656,605.4649770193093,61.4765358874114,689.3377048932791
752,1283,1.1121987181865975,601.0803895666861,63.20873153865413,688.9858664236874
753,1283,0.9826038635467569,600.2162491729899,63.48133433712084,689.1072299113056
753,1290,933.2349342187016,637.6642370804941,1061.8136350128689,832.2304507808885
758,1292,1.1580354357714704,601.0875378224225,62.546533902574154,689.0345910820336
759,1292,1.5071426173890465,601.5163009902203,62.510928961171174,688.9736563447948
756,1295,934.0338483721632,570.8007906882082,985.8610754975134,654.8238803425412
760,1296,1146.2054430178482,656.757461116528,1264.171483682851,805.6144590634306
759,1297,245.63430297470128,612.4296331146222,371.3260878500712,704.2240891569331
759,1299,763.0661047153297,570.0980609691841,826.7804305714766,689.1493697933444
765,1305,936.6370201325437,589.4531412368357,1005.7184964421467,665.4514699521498
774,1315,843.6548330918355,608.572070731082,926.8879535393745,732.5580366487586
772,1317,1.405311920573535,614.9634233199446,60.149578271224385,690.0540270713728
773,1317,1.0928554658591239,609.2661983906276,61.85572156809076,688.9206526235214
779,1317,1.5691114032553841,612.4818945509547,61.47160739586865,690.2162472190856
780,1317,1.6582835037891215,612.985721604518,61.40865465855318,690.0878466455761
782,1317,1.4522944223050196,612.8507124470948,60.875099237347825,689.960765394055
783,1317,1.5406938266899068,611.561661576938,61.141300331394135,689.6721895688942
784,1317,1.4226482150239015,612.1030849959525,60.70355778261312,689.9562117793485
785,1317,1.2549115203441765,611.8147912780579,60.333361221988696,689.8037990039885
779,1323,1455.616939571744,610.2415337650781,1654.9557663094376,797.329633961146
781,1328,876.1343997468042,648.9626066401457,976.708672986929,853.4266729748589
784,1329,1096.0088399363813,600.2076175861893,1170.8540772802248,695.6210492736242
783,1331,1014.0197710955833,605.3188287603558,1113.8856399453473,777.0319211283519
785,1332,1517.7385696212302,628.4621403636642,1763.4402624853558,842.2362969752829
786,1332,1424.8587874291184,656.3849715954691,1713.9009496173553,921.0717940250495
784,1334,2.176347972338597,611.2125301901855,59.98756902736552,689.9747321433541
793,1335,1078.9180951244011,633.4823159613605,1238.5045732124477,864.1462995259322
797,1335,1027.644195233156,617.0521892299686,1193.5745928020933,845.743134500655
798,1335,1063.1280902630383,629.4231456358793,1243.7987489536245,851.2293840623092
791,1336,1449.594300040448,622.0126822523066,1639.2687520354032,811.3407352660222
796,1340,801.1208277172391,603.9688659439738,854.8405499771839,706.1399979993722
800,1341,1477.0870325271708,778.5795920095596,1872.921214117097,1032.897643450672
805,1345,6.9973000616867544,615.5471800033075,59.13242578602626,690.6517666046431
806,1345,6.243098398514558,615.6897927738837,59.413309038867325,690.5841941928918
808,1345,7.299731591427701,616.5851716280893,59.67242358931543,690.3943560700038
810,1345,7.459065916912049,616.0598174576262,59.79643168709963,689.9304919429987
813,1345,6.9850321780158,616.5716426190619,59.68583097106108,690.2986623373107
814,1345,7.203763839966072,617.48998274773,59.67683031357616,690.3053378318368
803,1346,7.780375194000154,615.6730063981424,58.696361616395606,690.6805440788337
805,1346,7.01546421225494,616.2721504975857,59.186864089342265,690.8826205607593
810,1346,7.397071897467974,614.8310354097309,59.55379230784967,689.4572797292856
815,1346,6.919857423237218,613.857820503506,59.625376434514024,689.780407481418
816,1346,7.249752894481411,614.1435235046466,59.711511929909655,689.8653011598673
821,1346,7.154836141588074,617.0962560966867,59.54126867998286,690.6774440242335
822,1346,6.956959291578652,617.9881975622038,59.419087762275225,690.8024788978555
825,1346,5.488309993721511,616.1600538624388,58.43827720634218,690.0368104332046
826,1346,5.477319703490938,616.5461899223737,58.55909943581156,690.4101779464258
827,1346,5.671256044505814,619.0833222051282,58.55971036521207,691.2687078050334
830,1346,7.001739324458381,620.2521534801044,59.34092235169068,690.9344837289989
808,1350,1234.0148275356964,680.4710197235382,1544.8309831049496,1006.1924367485675
809,1352,1084.3767705748025,590.5785252819771,1162.303072523386,703.3569735889917
812,1352,1076.7615299837332,602.5339806081106,1165.7576951510875,726.7795317618718
816,1352,1016.4747156416221,602.9525961301636,1151.2296238690747,767.8041965249693
818,1352,1026.0219524477861,652.176748096753,1175.2567616422102,798.285252144821
822,1352,1031.4539662539678,649.9103449469212,1173.169930511428,819.607075127492
808,1358,949.0722302372424,585.4521389098036,1058.5851824422493,779.4836049456169
816,1363,893.3344158530193,591.0460010403203,938.5500384196665,672.7547086547963
815,1378,150.96518185979704,698.7190854448464,239.3448648501727,879.8519905981306
820,1380,1008.2080404691108,603.452513794698,1074.6950506009669,727.4479297029998
823,1383,1173.0170883942603,664.7725299745787,1363.4671851729338,926.8399106917304
830,1383,1195.5476511427717,632.6231274691879,1372.407459612122,873.2698069519054
819,1386,1510.4568329717588,806.8707166256848,1811.8394023539556,1030.0401118279246
839,1404,872.7466507645288,639.1345301475532,981.5469176321062,842.9785380280581
842,1405,9.048995945964425,614.4759883560564,60.73340057759229,689.7332549148878
845,1405,7.312812810251646,615.3520182507086,60.15532480450263,690.3567362735814
846,1405,7.389933902537869,614.89493751136,60.59276180442313,690.2902365229913
847,1405,8.034002237065376,615.0128734941908,60.9705372123437,690.2045531614723
848,1405,8.206910541036208,615.3173617830942,60.914155368377195,690.1061530013487
849,1405,8.233711139720171,614.5839496606013,60.88854314100021,689.7781330552777
848,1415,1204.4814525939562,612.7913020951138,1338.279299773613,820.236801699857
854,1417,1197.84963909113,622.8452320918013,1282.1676166669422,741.8667913370102
855,1419,911.5512485357456,620.0921840592724,958.9721871386898,687.0081792057584
851,1422,122.2019171786433,612.9326277455876,309.3562992226615,730.2646558571067
854,1426,1020.2257327312915,587.7573775304028,1081.8258571857596,671.4020993834334
855,1426,1018.6647603277548,600.2284693094017,1068.5272268762608,668.5742081125894
859,1431,473.79804136953004,588.2436265829474,573.9682780425369,746.7602553919835
861,1434,395.42633673753556,645.6843676975872,526.8899718574336,965.9239725212011
862,1434,411.55044455153364,691.5309045868228,525.8805825076186,967.9347234435065
863,1434,401.6569887513711,671.172298923697,529.0490592616682,967.3265932340795
864,1434,398.84127887546754,636.6119430641115,550.9660274471495,969.8863805873084
865,1434,399.506868238117,630.8445409599542,560.5069245480287,972.0106156879624
861,1435,142.9706688593559,635.544012361802,303.64464657986605,935.3211752919198
862,1435,138.85826735903186,636.548490730589,285.65677237111873,929.9256801803551
863,1435,138.0480726389082,643.8782114571679,295.7472568998673,940.6977154586682
862,1436,153.9776564451023,663.8844103072028,271.82203312556356,886.5074129070398
863,1436,138.8975424536308,663.8586840150177,261.9258234933856,921.4579724537699
864,1436,127.44552719657646,646.238150956425,260.67747911952233,935.1645337250934
865,1436,121.60238588686506,633.7166242435245,266.66352498062884,944.7575156411148
863,1437,172.93971484026136,660.697767608907,248.71057168602428,931.5076684240057
869,1443,652.527794534455,640.472902762608,715.1122360863418,784.60743473012
871,1445,968.7865213127083,590.0591699585096,1079.3997918632233,755.0097227661848
873,1449,1551.2346336880016,611.2290416012103,1761.669014258681,827.4157638497778
874,1449,1518.1866950483204,621.6320144406096,1703.8156329981225,817.0621222330361
873,1451,964.2004064817173,588.703987883576,1026.954885415077,669.3814620484295
879,1452,1027.27078801625,602.14655420747,1112.3485954773457,741.8780624044277
882,1452,1000.2689816499872,635.7888151952095,1095.5116418552086,791.1413577711285
875,1454,971.8946033813255,585.4872911036659,1023.9211328455716,670.2276338409033
890,1464,1471.0993535733285,633.928810049844,1653.7706981494646,807.734728735354
891,1464,1552.2683442078633,636.4773767253973,1750.896149482946,828.5770581126073
888,1465,273.4912020645159,610.2101212598348,372.4974215237017,695.5025137271066
889,1465,268.6105584782026,616.7920370047623,371.655242154848,698.2627307855112
892,1466,538.5673516696262,574.9985250271533,660.0536637796196,682.788407430036
890,1467,481.2715954498193,579.2187001967266,552.7796058714688,678.649422755167
891,1467,476.8809062014305,576.6308728935186,550.5805170168525,677.8127565785338
891,1469,10.228156638021403,605.2705141074081,130.28229325725442,694.0372976708019
900,1476,859.9699248589144,623.5838127528945,929.0191615728451,770.2038527354913
904,1484,1155.9874266796462,618.6092144371175,1280.3272464327126,747.8021217284431
910,1484,1081.480919896449,612.0876574145055,1172.7035765934875,730.2071483055369
915,1484,1020.9849051448449,597.4532508532488,1081.0014888731894,669.151329208891
903,1486,1456.2906422945289,617.2538339164157,1638.4869909518256,793.3144428672642
908,1490,1238.0859705338617,648.0962466866331,1356.4583413856567,830.4045309996181
912,1498,1349.631773562597,714.6782323409411,1624.4740857889285,1017.8824201413856
914,1502,1220.869551883513,619.6945435018728,1329.40085674381,729.8760439245631
918,1505,1148.0809886788709,632.6223635545152,1232.45895874452,764.2780482328217
923,1506,1460.4522110120831,638.6271784667458,1634.607468025704,831.4337044678448
926,1512,1498.0986557889998,733.087406014259,1872.3119558297965,1024.259337416619
928,1515,947.4255633778822,619.4351076769433,1062.1769134176593,820.030573843442
929,1515,951.9139338926716,624.2664342317497,1055.8857595972522,808.6636349884694
930,1515,967.419731863156,628.7736717657115,1065.2603881743694,811.051404253019
927,1516,799.7555475037143,606.0310955825702,856.7002933229869,699.6371755511515
930,1517,897.2720535341896,615.6614916211703,987.1617898210093,745.9026193974056
931,1520,782.1487881066138,676.2159014025767,875.9018158147709,898.789149096106
938,1532,777.5494028058342,719.6234271306547,859.0568304720196,961.3388883839085
936,1533,1435.2419974614195,687.7690133788963,1667.9990741184279,924.3223615793104
942,1533,1155.9059671019986,727.4998929140427,1445.3891806685788,1020.4322808908362
939,1538,1112.5483763022585,610.9122730951611,1196.4114773096144,712.5541305386915
940,1541,934.6350218567819,595.3423313183765,991.2351864323335,650.6574454387727
946,1548,1597.823548263651,707.6277551250507,1924.5222731050153,1005.5443673569648
956,1564,1267.8836020489173,704.5446898754147,1551.9112172525772,1013.6976657116128
959,1567,1400.601552305247,694.4638312917923,1760.7395619551462,1014.6516447084457
960,1568,853.0867097626798,602.0670921476743,974.5229700211104,819.0934110273137
962,1569,1528.347530793763,632.7770726025963,1737.7573709740634,828.9779328265429
965,1569,1479.8776395561279,623.545007657533,1691.1798889297636,832.0316349758612
966,1569,1482.8638776324547,645.8310364512031,1690.5940629514357,847.807480455913
971,1569,1445.363664476424,619.0907581839167,1654.5398614006192,829.2577581370817
974,1569,1395.2709496884725,614.4343738801253,1636.323293709576,854.437119488796
980,1569,1401.1377852220687,596.908977726749,1590.182957942203,817.7851459890331
982,1569,1397.124812706142,608.0253435052737,1578.7274462879907,813.128206737646
985,1569,1413.5943541400018,630.4528293334304,1589.5810448776945,858.1036577060454
968,1578,1047.7385806032337,628.7130066829385,1146.4603658295039,733.681949520984
970,1578,1013.8255386483752,623.6962747655514,1134.0157508457478,762.0085406395358
973,1579,905.4492902217097,597.8896415041995,971.1097477395145,690.0820537823035
975,1579,936.1158371284313,596.0718082971,990.2032257978664,685.1154396394013
975,1583,757.3690277130338,588.990644090843,805.6828090609056,688.1259997654815
983,1593,1040.192553567274,596.908441904249,1112.006568192452,692.8523430597127
990,1593,945.7713620786317,629.0284321105792,1050.4841847410748,797.1949870219396
994,1600,793.3991704795928,589.9262936609301,852.6140531768256,695.0539227340604
995,1604,1158.6111023762894,584.6168419162697,1251.3213816823911,692.1667930513589
996,1604,1150.199823801455,590.0443348657988,1245.3479945681318,693.7429714859978
1000,1604,1094.122399956124,614.2732738042072,1236.4634811680075,775.0325401004328
998,1612,711.4783368991889,814.2810168947487,952.6920489454149,1022.1972000530195
999,1612,719.103005399104,818.0582584392897,953.9477386761982,1022.8469210052193
1000,1612,716.4572504934436,816.8732218197686,950.2912211793307,1022.5636551431326
1001,1612,722.7744201099837,827.9585444199259,949.1124565851275,1025.056531200083
1002,1612,720.4343434845114,823.5371043434466,947.8056410558804,1022.9838708798184
1005,1616,1075.973048314993,584.4653322494598,1165.6401596001554,711.9984954030779
1006,1616,1072.2516969522108,600.3445263357241,1162.8044877221341,740.4326470463843
1010,1625,1345.810584859322,659.675380512304,1455.4539548707364,794.6540774279626
1019,1630,1031.2932181878375,611.782400096727,1148.272938235373,786.977081458511
1020,1631,1592.71756594753,672.5663091780222,1855.112332414409,911.2185101994509
1018,1632,917.2412756660646,620.4742345222942,991.2924030174157,776.1108778326261
1022,1635,782.3007277410003,589.9773447355649,821.0390297154685,676.7768941638969
1024,1637,1009.0696967346978,613.6184911629733,1082.8820470509393,718.4772097408294
1026,1637,1016.6423146748202,585.4843045981627,1087.9145300983291,695.2643406287671
1028,1637,1005.0764467310879,596.976830227529,1066.0966545494755,702.6789277903954
1027,1640,1352.8655549223497,625.151314446553,1498.1686388714509,804.1268989710861
1033,1644,1048.0939936667467,661.9245850784569,1225.0373378231918,873.8044951343343
1033,1646,740.5025209921191,563.5981633124464,785.2552858810882,655.2406977544687
1037,1649,892.0567896957963,634.336382117822,977.7525183941847,787.8410297324544
1042,1651,925.1414336541695,583.112533429043,1054.446425336232,719.9962982277789
1043,1651,913.9864866082289,606.7463043229687,1028.8148136784937,757.0462086728747
1049,1651,884.9938157369126,615.8290251977146,986.7333875869459,768.4795220853871
1047,1657,1070.5145194040313,605.7683867385884,1155.9397731353172,732.7565361353107
1051,1657,1042.9219000295725,625.2434853059356,1181.8474419007443,819.4731185479282
1057,1657,1048.394326252388,656.9785074824514,1157.5053161413202,839.6245319725343
1046,1660,1231.149066424056,630.7471493015279,1451.8184844772422,892.7406020638103
1052,1668,1325.8157778962352,617.7444225342742,1480.4879102780535,773.6695556491809
1059,1669,1206.8599849037148,601.8887063655898,1285.4419426978127,735.4017496483139
1064,1669,1207.307867499366,595.212999502329,1277.9567951734205,713.0216753581171
1059,1671,1101.5007784066438,645.4325238646475,1277.4241853892504,931.1585063792727
1060,1671,1108.1180332175036,659.2402893140644,1281.4120887743047,900.8375399911912
1063,1674,1576.0423813748034,644.0670059809402,1720.4230437521906,817.69684314038
1060,1675,831.1326302020981,650.3565039292073,937.6490474210244,801.0876885100283
1071,1681,1034.6905579479824,605.2121726697687,1111.8601808672845,704.6867521440638
1070,1684,1768.8804660875046,672.8456250026605,1922.9384889334408,919.4323316033598
1072,1688,1445.4939038608634,646.0660775770779,1638.2693407605532,854.9024230260417
1077,1693,877.7995916587677,663.4631079737012,969.0395646958918,832.9097846735303
1082,1693,838.4291076549981,613.0207327189537,919.5249188206288,768.4763612367358
1083,1698,1237.824548071388,620.4181773031218,1421.8679761805824,825.1946529768876
1092,1702,1474.5730672485854,612.833174750557,1677.775306548234,844.7951899711766
1095,1707,1093.1357816560992,630.6755275483537,1233.353247830548,812.3419712792792
1100,1711,1502.5911783628212,672.6688401234618,1715.2997259345334,919.2540928430918
1101,1711,1544.112215448536,651.1070313650436,1714.676339793064,851.5086789921826
1107,1716,1049.4062846039294,634.4819170624235,1154.4748857243806,830.8956342627584
1110,1716,1008.7156363315314,630.4665947456483,1130.3920525610545,820.4214932438338
1116,1716,956.1783000490667,636.2891284768937,1072.2977022818093,830.5501693461829
1119,1716,942.6636446095017,593.0312941216291,1050.4592163656127,746.2583567468539
1108,1717,863.3680239499774,583.549222822359,903.6300979715486,671.939494063549
1105,1719,900.5598226674376,619.7304226254726,987.5120473568438,802.1866754591208
1113,1721,1108.3972962131845,607.1561456112936,1196.608652952733,779.3763690025105
1114,1724,1407.8697406834058,635.419736967042,1592.743311761395,838.1006054085639
1115,1731,1616.273838908837,651.9295671774469,1859.7024980592507,868.8355650857386
1120,1741,1210.383320226236,663.9441550903064,1417.1937925951472,890.0390090550204
1123,1747,1446.0483076006517,819.2957233402682,1735.9234321014865,1020.0756517802625
1125,1749,1085.9941456245217,601.9774036690268,1199.0229511982736,745.8692215304042
1130,1749,1027.872656222262,634.8774008014013,1184.6536640265633,869.6770355059839
1127,1752,1181.4705863521583,599.8066653733856,1293.8629037661024,746.4075095425856
1129,1754,1448.7314037193576,767.1523155335425,1722.4830089022323,982.7992392867069
1135,1754,1427.907750667009,678.7904388950261,1597.402581059701,850.49715760116
1126,1755,1388.3139022459943,624.8088504205348,1554.1084635573845,821.7727032757289
1133,1761,1107.077328392614,637.506255231452,1240.3057385749742,856.5170938553568
1138,1765,1292.9922533070858,642.7356291177919,1433.011115255179,789.9468722132965
1143,1772,955.5017249295213,708.8234158408425,1130.8826976677676,950.3270598528627
1148,1772,931.0549726408683,642.4718031023554,1109.3869323019865,919.4727633603907
1143,1773,831.2134109140195,630.2866379618856,960.3433291065155,781.0327797090804
1140,1774,899.8652100839463,592.8403431034837,952.0250609950558,676.9766735834255
1144,1775,1004.8746971466398,657.660742435969,1115.264112905852,825.7094962806273
1143,1777,1581.3072519748853,673.962462805645,1829.517457226612,861.7311474645697
1145,1777,1466.5300346849167,640.499184501409,1706.4197200437457,841.3260239359433
1147,1777,1431.106043241648,638.1671081029746,1674.0036117130135,851.2715547376532
1152,1777,1246.1884358441293,658.777399470196,1492.1677574305959,903.2277215602827
1155,1777,1217.9487021859395,628.040205317072,1410.6669224971724,852.209942391905
1157,1777,1128.1217664394076,624.4195357452261,1292.3776525017133,814.3035140739498
1160,1777,1018.7654249181647,624.0009501080402,1151.4956771421816,776.2722420605527
1162,1789,1116.0279833621917,620.5924955955963,1248.8456860350525,779.3281290164296
1168,1789,1157.3310294743178,612.8169278251103,1256.800726246955,740.6931632714052
1161,1791,830.5482139372274,632.7998834696607,964.622888605542,829.7715938361237
1164,1795,732.9204171361928,652.0873058562098,887.1162837300567,887.7931921881401
1172,1802,884.5035810226988,615.5462585810177,976.6285452997744,779.9017534311089
1177,1802,898.0664013433382,646.0060564425097,995.0660320483689,819.0982352187608
1183,1802,954.490294530093,649.2283775442926,1102.4060760376985,877.7658972944297
1182,1808,1204.9085027427473,694.7181821046073,1435.478651859181,959.2403036677023
1178,1809,391.49230165707604,594.4815860843139,518.0775187651487,689.2302079377614
1181,1812,1624.0291419070718,749.3202113252049,1901.6113440443733,1037.792191159985
1181,1814,928.6712183254114,598.4717784237721,993.4838189818707,705.7068848963083
1187,1816,1151.1312031333039,650.7967077333611,1302.3374781234381,894.2209088042933
1185,1819,1355.2820276196637,637.2663752068557,1537.730378859617,855.9821568644469
1186,1820,1567.2934368457145,605.7632171287307,1885.9249139331191,912.6640679041518
1193,1823,1195.5267551816298,669.9145233454888,1510.7856081489642,976.6199658361356
1194,1823,1274.8805847755532,634.2684438503381,1541.977105579095,913.2388124598124
1196,1824,907.7001796613067,616.0223659603721,992.5709614451075,789.9618120817663
1192,1825,2.6396172190413125,665.7557112851048,59.77479393483966,892.166127351061
1193,1825,1.398643031478958,666.6004028287092,59.20054710117779,892.2140712211948
1194,1825,1.662234368197634,667.1118340220144,58.914744741380176,890.3224547945902
1195,1825,1.8960043072054198,666.4012000232127,59.00762151092543,889.4343767064437
1199,1825,1.5738772673670383,666.1017040207765,58.9720305539214,889.2335518232725
1200,1825,0.8921163287429899,665.8087703709252,58.46453946715614,890.6409550637395
1201,1825,0.9541930749545848,665.3028232757084,58.45171437948643,891.1835070835251
1202,1825,0.946115062611824,665.671655619,58.769690003249366,892.5817849051654
1203,1825,0.9275436506016526,665.3190691611372,58.954664298010414,893.5113675028582
1204,1825,-3.861601255121858,693.2337066957193,46.641810369526766,895.0164354270487
1205,1825,0.09330690012854959,679.3782060263118,52.97625417333937,890.2376308851483
1196,1827,1095.0363739312313,650.8728733079349,1281.5791279049106,923.4075632676393
1200,1840,1417.5974817417964,617.9010438006281,1595.2343903131846,849.3899750122415
1197,1841,1869.108498744712,751.4429314134592,1918.969641812791,872.9846514343891
1198,1841,1859.4362886852794,714.2631537948458,1919.8069459537649,868.6274443362585
1199,1841,1857.8714674776088,706.0661950004953,1920.3189948889794,869.7770868516839
1205,1841,1858.5458547613644,702.2809163920859,1920.693401828246,871.8638924771225
1198,1842,1267.3315574965395,613.5397225802858,1419.7069871800245,812.4697817981514
1200,1844,1861.9567976442343,708.1186150663839,1918.940091969577,869.7334057215612
1201,1844,1861.8432198560395,708.6560751283564,1919.0323894613898,871.4404397515739
1202,1844,1862.0229341026088,707.9550293044888,1919.1633227062348,871.5220945820117
1203,1844,1861.6719619365754,706.882053254916,1919.1413505052146,872.3094387143055
1204,1844,1862.428324032962,707.5089955512062,1919.482391528283,871.1739719696532
1205,1844,1862.7186600252298,706.896899619863,1919.6558815220628,870.795772791985
1207,1844,1860.6413067516842,706.8951916657022,1918.600024139947,869.7890941913224
1206,1852,1862.1715747735323,708.402601070502,1918.935870949803,873.602457727105
